INSERT INTO gardener (first_name, last_name, DoB, email, password, profile_picture, bad_word_count) VALUES ('A', 'A', DATE '2004-01-07', 'a@gmail.com', '$2a$10$5JkvOc65rJFRmpjOIeEOi.lBGL6ttCiV6dYHdMR2Cdlxu8s1cs26O', '/images/defaultProfilePic.png', 0);
INSERT INTO gardener (first_name, last_name, DoB, email, password, profile_picture, bad_word_count) VALUES ('B', 'B', DATE '2004-01-07', 'b@gmail.com', '$2a$10$5JkvOc65rJFRmpjOIeEOi.lBGL6ttCiV6dYHdMR2Cdlxu8s1cs26O', '/images/defaultProfilePic.png', 0);
INSERT INTO gardener (first_name, last_name, DoB, email, password, profile_picture, bad_word_count) VALUES ('C', 'C', null, 'c@gmail.com', '$2a$10$5JkvOc65rJFRmpjOIeEOi.lBGL6ttCiV6dYHdMR2Cdlxu8s1cs26O', '/images/defaultProfilePic.png', 0);
INSERT INTO gardener (first_name, last_name, DoB, email, password, profile_picture, bad_word_count) VALUES ('D', null, DATE '2004-01-07', 'd@gmail.com', '$2a$10$5JkvOc65rJFRmpjOIeEOi.lBGL6ttCiV6dYHdMR2Cdlxu8s1cs26O', '/images/defaultProfilePic.png', 0);
INSERT INTO gardener (first_name, last_name, DoB, email, password, profile_picture, bad_word_count) VALUES ('E', null, DATE '2004-01-07', 'e@gmail.com', '$2a$10$5JkvOc65rJFRmpjOIeEOi.lBGL6ttCiV6dYHdMR2Cdlxu8s1cs26O', '/images/defaultProfilePic.png', 0);
INSERT INTO gardener (first_name, last_name, DoB, email, password, profile_picture, bad_word_count) VALUES ('test', 'user', null, 'test1@gmail.com', '$2a$10$5JkvOc65rJFRmpjOIeEOi.lBGL6ttCiV6dYHdMR2Cdlxu8s1cs26O', '/images/defaultProfilePic.png', 0);
INSERT INTO gardener (first_name, last_name, DoB, email, password, profile_picture, bad_word_count) VALUES ('test', 'user', null, 'test2@gmail.com', '$2a$10$5JkvOc65rJFRmpjOIeEOi.lBGL6ttCiV6dYHdMR2Cdlxu8s1cs26O', '/images/defaultProfilePic.png', 0);
INSERT INTO gardener (first_name, last_name, DoB, email, password, profile_picture, bad_word_count) VALUES ('test', 'user', null, 'test3@gmail.com', '$2a$10$5JkvOc65rJFRmpjOIeEOi.lBGL6ttCiV6dYHdMR2Cdlxu8s1cs26O', '/images/defaultProfilePic.png', 0);
INSERT INTO gardener (first_name, last_name, DoB, email, password, profile_picture, bad_word_count) VALUES ('test', 'user', null, 'test4@gmail.com', '$2a$10$5JkvOc65rJFRmpjOIeEOi.lBGL6ttCiV6dYHdMR2Cdlxu8s1cs26O', '/images/defaultProfilePic.png', 0);
INSERT INTO gardener (first_name, last_name, DoB, email, password, profile_picture, bad_word_count) VALUES ('test', 'user', null, 'test5@gmail.com', '$2a$10$5JkvOc65rJFRmpjOIeEOi.lBGL6ttCiV6dYHdMR2Cdlxu8s1cs26O', '/images/defaultProfilePic.png', 0);
INSERT INTO gardener (first_name, last_name, DoB, email, password, profile_picture, bad_word_count) VALUES ('test', 'user', null, 'test6@gmail.com', '$2a$10$5JkvOc65rJFRmpjOIeEOi.lBGL6ttCiV6dYHdMR2Cdlxu8s1cs26O', '/images/defaultProfilePic.png', 0);
INSERT INTO gardener (first_name, last_name, DoB, email, password, profile_picture, bad_word_count) VALUES ('test', 'user', null, 'test7@gmail.com', '$2a$10$5JkvOc65rJFRmpjOIeEOi.lBGL6ttCiV6dYHdMR2Cdlxu8s1cs26O', '/images/defaultProfilePic.png', 0);
INSERT INTO gardener (first_name, last_name, DoB, email, password, profile_picture, bad_word_count) VALUES ('test', 'user', null, 'test8@gmail.com', '$2a$10$5JkvOc65rJFRmpjOIeEOi.lBGL6ttCiV6dYHdMR2Cdlxu8s1cs26O', '/images/defaultProfilePic.png', 0);
INSERT INTO gardener (first_name, last_name, DoB, email, password, profile_picture, bad_word_count) VALUES ('test', 'user', null, 'test9@gmail.com', '$2a$10$5JkvOc65rJFRmpjOIeEOi.lBGL6ttCiV6dYHdMR2Cdlxu8s1cs26O', '/images/defaultProfilePic.png', 0);
INSERT INTO gardener (first_name, last_name, DoB, email, password, profile_picture, bad_word_count) VALUES ('test', 'user', null, 'test10@gmail.com', '$2a$10$5JkvOc65rJFRmpjOIeEOi.lBGL6ttCiV6dYHdMR2Cdlxu8s1cs26O', '/images/defaultProfilePic.png', 0);

INSERT INTO main_page_layout (format, gardener_id, widget_small_one, widget_small_two, widget_tall, widget_wide) VALUES ('1 2 3', 1, 'recentGardens', 'recentPlants', 'myGardens', 'myFriends');
INSERT INTO main_page_layout (format, gardener_id, widget_small_one, widget_small_two, widget_tall, widget_wide) VALUES ('1 2 3', 2, 'recentGardens', 'recentPlants', 'myGardens', 'myFriends');
INSERT INTO main_page_layout (format, gardener_id, widget_small_one, widget_small_two, widget_tall, widget_wide) VALUES ('1 2 3', 3, 'recentGardens', 'recentPlants', 'myGardens', 'myFriends');
INSERT INTO main_page_layout (format, gardener_id, widget_small_one, widget_small_two, widget_tall, widget_wide) VALUES ('1 2 3', 4, 'recentGardens', 'recentPlants', 'myGardens', 'myFriends');
INSERT INTO main_page_layout (format, gardener_id, widget_small_one, widget_small_two, widget_tall, widget_wide) VALUES ('1 2 3', 5, 'recentGardens', 'recentPlants', 'myGardens', 'myFriends');
INSERT INTO main_page_layout (format, gardener_id, widget_small_one, widget_small_two, widget_tall, widget_wide) VALUES ('1 2 3', 6, 'recentGardens', 'recentPlants', 'myGardens', 'myFriends');
INSERT INTO main_page_layout (format, gardener_id, widget_small_one, widget_small_two, widget_tall, widget_wide) VALUES ('1 2 3', 7, 'recentGardens', 'recentPlants', 'myGardens', 'myFriends');
INSERT INTO main_page_layout (format, gardener_id, widget_small_one, widget_small_two, widget_tall, widget_wide) VALUES ('1 2 3', 8, 'recentGardens', 'recentPlants', 'myGardens', 'myFriends');
INSERT INTO main_page_layout (format, gardener_id, widget_small_one, widget_small_two, widget_tall, widget_wide) VALUES ('1 2 3', 9, 'recentGardens', 'recentPlants', 'myGardens', 'myFriends');
INSERT INTO main_page_layout (format, gardener_id, widget_small_one, widget_small_two, widget_tall, widget_wide) VALUES ('1 2 3', 10, 'recentGardens', 'recentPlants', 'myGardens', 'myFriends');
INSERT INTO main_page_layout (format, gardener_id, widget_small_one, widget_small_two, widget_tall, widget_wide) VALUES ('1 2 3', 11, 'recentGardens', 'recentPlants', 'myGardens', 'myFriends');
INSERT INTO main_page_layout (format, gardener_id, widget_small_one, widget_small_two, widget_tall, widget_wide) VALUES ('1 2 3', 12, 'recentGardens', 'recentPlants', 'myGardens', 'myFriends');
INSERT INTO main_page_layout (format, gardener_id, widget_small_one, widget_small_two, widget_tall, widget_wide) VALUES ('1 2 3', 13, 'recentGardens', 'recentPlants', 'myGardens', 'myFriends');
INSERT INTO main_page_layout (format, gardener_id, widget_small_one, widget_small_two, widget_tall, widget_wide) VALUES ('1 2 3', 14, 'recentGardens', 'recentPlants', 'myGardens', 'myFriends');
INSERT INTO main_page_layout (format, gardener_id, widget_small_one, widget_small_two, widget_tall, widget_wide) VALUES ('1 2 3', 15, 'recentGardens', 'recentPlants', 'myGardens', 'myFriends');

INSERT INTO authority (gardener_id, role) VALUES (1, 'ROLE_USER');
INSERT INTO authority (gardener_id, role) VALUES (2, 'ROLE_USER');
INSERT INTO authority (gardener_id, role) VALUES (3, 'ROLE_USER');
INSERT INTO authority (gardener_id, role) VALUES (4, 'ROLE_USER');
INSERT INTO authority (gardener_id, role) VALUES (5, 'ROLE_USER');
INSERT INTO authority (gardener_id, role) VALUES (6, 'ROLE_USER');
INSERT INTO authority (gardener_id, role) VALUES (7, 'ROLE_USER');
INSERT INTO authority (gardener_id, role) VALUES (8, 'ROLE_USER');
INSERT INTO authority (gardener_id, role) VALUES (9, 'ROLE_USER');
INSERT INTO authority (gardener_id, role) VALUES (10, 'ROLE_USER');
INSERT INTO authority (gardener_id, role) VALUES (11, 'ROLE_USER');
INSERT INTO authority (gardener_id, role) VALUES (12, 'ROLE_USER');
INSERT INTO authority (gardener_id, role) VALUES (13, 'ROLE_USER');
INSERT INTO authority (gardener_id, role) VALUES (14, 'ROLE_USER');
INSERT INTO authority (gardener_id, role) VALUES (15, 'ROLE_USER');

INSERT INTO garden (gardener_id, name, location, suburb, city, country, postcode, size, PUBLIC_GARDEN, creation_date) VALUES (1, 'My First Garden','12 Marquess avenue', null, 'Christchurch','New Zealand', null, '32', true, '2024-12-03');
INSERT INTO garden (gardener_id, name, location, suburb, city, country, postcode, size, PUBLIC_GARDEN, creation_date) VALUES (2, 'Uni Garden','20 Kirkwood avenue', null, 'Christchurch','New Zealand', null, '100', false, '2024-12-04');
INSERT INTO garden (gardener_id, name, location, suburb, city, country, postcode, size, PUBLIC_GARDEN, creation_date) VALUES (3, 'Chch Garden','1 Molesworth Street', 'Pipitea', 'Wellington','New Zealand', '6011', '300', false, '2024-12-05');
INSERT INTO garden (gardener_id, name, location, suburb, city, country, postcode, size, PUBLIC_GARDEN, creation_date) VALUES (1, 'Council Garden','53 Hereford Street', null, 'Christchurch','New Zealand', '8154', '15', true, '2024-12-02');
INSERT INTO garden (gardener_id, name, location, suburb, city, country, postcode, size, PUBLIC_GARDEN, creation_date) VALUES (2, 'Rosewood Park', '12 Elm Street', 'Rosewood', 'Los Angeles', 'USA', '90001', '10', true, '2024-06-15');
INSERT INTO garden (gardener_id, name, location, suburb, city, country, postcode, size, PUBLIC_GARDEN, creation_date) VALUES (3, 'Lakeside Community Garden', '99 Lakeview Drive', 'Lakeside', 'Chicago', 'USA', '60601', '20', true, '2024-05-10');
INSERT INTO garden (gardener_id, name, location, suburb, city, country, postcode, size, PUBLIC_GARDEN, creation_date) VALUES (4, 'Botanical Haven', '455 Palm Avenue', 'Greenfield', 'Miami', 'USA', '33101', '25', true, '2024-04-22');
INSERT INTO garden (gardener_id, name, location, suburb, city, country, postcode, size, PUBLIC_GARDEN, creation_date) VALUES (5, 'Sunnyvale Garden', '32 Sunflower Lane', 'Sunnyvale', 'San Jose', 'USA', '95101', '12', true, '2024-03-18');
INSERT INTO garden (gardener_id, name, location, suburb, city, country, postcode, size, PUBLIC_GARDEN, creation_date) VALUES (6, 'Hilltop Meadow', '78 Highland Road', 'Hilltop', 'Denver', 'USA', '80201', '18', true, '2024-02-28');
INSERT INTO garden (gardener_id, name, location, suburb, city, country, postcode, size, PUBLIC_GARDEN, creation_date) VALUES (7, 'Maple Street Garden', '15 Maple Street', 'Mapleton', 'Toronto', 'Canada', 'M4B 1B3', '14', true, '2024-01-15');

INSERT INTO garden (gardener_id, name, location, suburb, city, country, postcode, size, PUBLIC_GARDEN, creation_date) VALUES (1, 'Eden Grove','12 Marquess avenue', null, 'Christchurch','New Zealand', null, '32', true, '2024-12-03');
INSERT INTO garden (gardener_id, name, location, suburb, city, country, postcode, size, PUBLIC_GARDEN, creation_date) VALUES (2, 'Blossom Haven','20 Kirkwood avenue', null, 'Christchurch','New Zealand', null, '100', false, '2024-12-04');
INSERT INTO garden (gardener_id, name, location, suburb, city, country, postcode, size, PUBLIC_GARDEN, creation_date) VALUES (3, 'Serenity Springs Garden','1 Molesworth Street', 'Pipitea', 'Wellington','New Zealand', '6011', '300', false, '2024-12-05');
INSERT INTO garden (gardener_id, name, location, suburb, city, country, postcode, size, PUBLIC_GARDEN, creation_date) VALUES (1, 'Sunset Meadows','53 Hereford Street', null, 'Christchurch','New Zealand', '8154', '15', true, '2024-12-02');
INSERT INTO garden (gardener_id, name, location, suburb, city, country, postcode, size, PUBLIC_GARDEN, creation_date) VALUES (2, 'Petal Paradise', '12 Elm Street', 'Rosewood', 'Los Angeles', 'USA', '90001', '10', true, '2024-06-15');
INSERT INTO garden (gardener_id, name, location, suburb, city, country, postcode, size, PUBLIC_GARDEN, creation_date) VALUES (3, 'Whispering Willows Garden', '99 Lakeview Drive', 'Lakeside', 'Chicago', 'USA', '60601', '20', true, '2024-05-10');
INSERT INTO garden (gardener_id, name, location, suburb, city, country, postcode, size, PUBLIC_GARDEN, creation_date) VALUES (4, 'Floral Oasis', '455 Palm Avenue', 'Greenfield', 'Miami', 'USA', '33101', '25', true, '2024-04-22');
INSERT INTO garden (gardener_id, name, location, suburb, city, country, postcode, size, PUBLIC_GARDEN, creation_date) VALUES (5, 'Moonlit Garden', '32 Sunflower Lane', 'Sunnyvale', 'San Jose', 'USA', '95101', '12', true, '2024-03-18');
INSERT INTO garden (gardener_id, name, location, suburb, city, country, postcode, size, PUBLIC_GARDEN, creation_date) VALUES (6, 'Harmony Hills', '78 Highland Road', 'Hilltop', 'Denver', 'USA', '80201', '18', true, '2024-02-28');
INSERT INTO garden (gardener_id, name, location, suburb, city, country, postcode, size, PUBLIC_GARDEN, creation_date) VALUES (7, 'Radiant Retreat Garden', '15 Maple Street', 'Mapleton', 'Toronto', 'Canada', 'M4B 1B3', '14', true, '2024-01-15');

INSERT INTO garden (gardener_id, name, location, suburb, city, country, postcode, size, PUBLIC_GARDEN, creation_date) VALUES (1, 'Enchanted Arbor','12 Marquess avenue', null, 'Christchurch','New Zealand', null, '32', true, '2024-12-03');
INSERT INTO garden (gardener_id, name, location, suburb, city, country, postcode, size, PUBLIC_GARDEN, creation_date) VALUES (2, 'Emerald Enclave','20 Kirkwood avenue', null, 'Christchurch','New Zealand', null, '100', false, '2024-12-04');
INSERT INTO garden (gardener_id, name, location, suburb, city, country, postcode, size, PUBLIC_GARDEN, creation_date) VALUES (3, 'Peaceful Pines','1 Molesworth Street', 'Pipitea', 'Wellington','New Zealand', '6011', '300', false, '2024-12-05');
INSERT INTO garden (gardener_id, name, location, suburb, city, country, postcode, size, PUBLIC_GARDEN, creation_date) VALUES (1, 'Rainbow Ridge Garden','53 Hereford Street', null, 'Christchurch','New Zealand', '8154', '15', true, '2024-12-02');
INSERT INTO garden (gardener_id, name, location, suburb, city, country, postcode, size, PUBLIC_GARDEN, creation_date) VALUES (2, 'Dewdrop Dell', '12 Elm Street', 'Rosewood', 'Los Angeles', 'USA', '90001', '10', true, '2024-06-15');
INSERT INTO garden (gardener_id, name, location, suburb, city, country, postcode, size, PUBLIC_GARDEN, creation_date) VALUES (3, 'Lavender Lane', '99 Lakeview Drive', 'Lakeside', 'Chicago', 'USA', '60601', '20', true, '2024-05-10');
INSERT INTO garden (gardener_id, name, location, suburb, city, country, postcode, size, PUBLIC_GARDEN, creation_date) VALUES (4, 'Mystic Meadow', '455 Palm Avenue', 'Greenfield', 'Miami', 'USA', '33101', '25', true, '2024-04-22');
INSERT INTO garden (gardener_id, name, location, suburb, city, country, postcode, size, PUBLIC_GARDEN, creation_date) VALUES (5, 'Sunnybrook Garden', '32 Sunflower Lane', 'Sunnyvale', 'San Jose', 'USA', '95101', '12', true, '2024-03-18');
INSERT INTO garden (gardener_id, name, location, suburb, city, country, postcode, size, PUBLIC_GARDEN, creation_date) VALUES (6, 'Willow Wind Garden', '78 Highland Road', 'Hilltop', 'Denver', 'USA', '80201', '18', true, '2024-02-28');
INSERT INTO garden (gardener_id, name, location, suburb, city, country, postcode, size, PUBLIC_GARDEN, creation_date) VALUES (7, 'Heavenly Hydrangeas', '15 Maple Street', 'Mapleton', 'Toronto', 'Canada', 'M4B 1B3', '14', true, '2024-01-15');

INSERT INTO garden (gardener_id, name, location, suburb, city, country, postcode, size, PUBLIC_GARDEN, creation_date) VALUES (1, 'Tranquil Trails','12 Marquess avenue', null, 'Christchurch','New Zealand', null, '32', true, '2024-12-03');
INSERT INTO garden (gardener_id, name, location, suburb, city, country, postcode, size, PUBLIC_GARDEN, creation_date) VALUES (2, 'Cherry Blossom Court','20 Kirkwood avenue', null, 'Christchurch','New Zealand', null, '100', false, '2024-12-04');
INSERT INTO garden (gardener_id, name, location, suburb, city, country, postcode, size, PUBLIC_GARDEN, creation_date) VALUES (3, 'Garden of Tranquility','1 Molesworth Street', 'Pipitea', 'Wellington','New Zealand', '6011', '300', false, '2024-12-05');
INSERT INTO garden (gardener_id, name, location, suburb, city, country, postcode, size, PUBLIC_GARDEN, creation_date) VALUES (1, 'Serene Sanctuary','53 Hereford Street', null, 'Christchurch','New Zealand', '8154', '15', true, '2024-12-02');
INSERT INTO garden (gardener_id, name, location, suburb, city, country, postcode, size, PUBLIC_GARDEN, creation_date) VALUES (2, 'Verdant Vistas', '12 Elm Street', 'Rosewood', 'Los Angeles', 'USA', '90001', '10', true, '2024-06-15');
INSERT INTO garden (gardener_id, name, location, suburb, city, country, postcode, size, PUBLIC_GARDEN, creation_date) VALUES (3, 'Rosewood Retreat', '99 Lakeview Drive', 'Lakeside', 'Chicago', 'USA', '60601', '20', true, '2024-05-10');
INSERT INTO garden (gardener_id, name, location, suburb, city, country, postcode, size, PUBLIC_GARDEN, creation_date) VALUES (4, 'Daisy Dell', '455 Palm Avenue', 'Greenfield', 'Miami', 'USA', '33101', '25', true, '2024-04-22');
INSERT INTO garden (gardener_id, name, location, suburb, city, country, postcode, size, PUBLIC_GARDEN, creation_date) VALUES (5, 'Crescent Garden', '32 Sunflower Lane', 'Sunnyvale', 'San Jose', 'USA', '95101', '12', true, '2024-03-18');
INSERT INTO garden (gardener_id, name, location, suburb, city, country, postcode, size, PUBLIC_GARDEN, creation_date) VALUES (6, 'Lush Lawn Gardens', '78 Highland Road', 'Hilltop', 'Denver', 'USA', '80201', '18', true, '2024-02-28');
INSERT INTO garden (gardener_id, name, location, suburb, city, country, postcode, size, PUBLIC_GARDEN, creation_date) VALUES (7, 'Poppy Path', '15 Maple Street', 'Mapleton', 'Toronto', 'Canada', 'M4B 1B3', '14', true, '2024-01-15');

INSERT INTO garden (gardener_id, name, location, suburb, city, country, postcode, size, PUBLIC_GARDEN, creation_date) VALUES (1, 'Secret Garden Glade','12 Marquess avenue', null, 'Christchurch','New Zealand', null, '32', true, '2024-12-03');
INSERT INTO garden (gardener_id, name, location, suburb, city, country, postcode, size, PUBLIC_GARDEN, creation_date) VALUES (2, 'Blooming Acres','20 Kirkwood avenue', null, 'Christchurch','New Zealand', null, '100', false, '2024-12-04');
INSERT INTO garden (gardener_id, name, location, suburb, city, country, postcode, size, PUBLIC_GARDEN, creation_date) VALUES (3, 'Peaceful Petals','1 Molesworth Street', 'Pipitea', 'Wellington','New Zealand', '6011', '300', false, '2024-12-05');
INSERT INTO garden (gardener_id, name, location, suburb, city, country, postcode, size, PUBLIC_GARDEN, creation_date) VALUES (1, 'Meadow Muse','53 Hereford Street', null, 'Christchurch','New Zealand', '8154', '15', true, '2024-12-02');
INSERT INTO garden (gardener_id, name, location, suburb, city, country, postcode, size, PUBLIC_GARDEN, creation_date) VALUES (2, 'Golden Grove', '12 Elm Street', 'Rosewood', 'Los Angeles', 'USA', '90001', '10', true, '2024-06-15');
INSERT INTO garden (gardener_id, name, location, suburb, city, country, postcode, size, PUBLIC_GARDEN, creation_date) VALUES (3, 'Springtime Sanctuary', '99 Lakeview Drive', 'Lakeside', 'Chicago', 'USA', '60601', '20', true, '2024-05-10');
INSERT INTO garden (gardener_id, name, location, suburb, city, country, postcode, size, PUBLIC_GARDEN, creation_date) VALUES (4, 'Fernwood Garden', '455 Palm Avenue', 'Greenfield', 'Miami', 'USA', '33101', '25', true, '2024-04-22');
INSERT INTO garden (gardener_id, name, location, suburb, city, country, postcode, size, PUBLIC_GARDEN, creation_date) VALUES (5, 'Orchid Oasis', '32 Sunflower Lane', 'Sunnyvale', 'San Jose', 'USA', '95101', '12', true, '2024-03-18');
INSERT INTO garden (gardener_id, name, location, suburb, city, country, postcode, size, PUBLIC_GARDEN, creation_date) VALUES (6, 'Garden of Reflection', '78 Highland Road', 'Hilltop', 'Denver', 'USA', '80201', '18', true, '2024-02-28');
INSERT INTO garden (gardener_id, name, location, suburb, city, country, postcode, size, PUBLIC_GARDEN, creation_date) VALUES (7, 'Morning Mist Garden', '15 Maple Street', 'Mapleton', 'Toronto', 'Canada', 'M4B 1B3', '14', true, '2024-01-15');

INSERT INTO garden (gardener_id, name, location, suburb, city, country, postcode, size, PUBLIC_GARDEN, creation_date) VALUES (1, 'Twilight Terrace','12 Marquess avenue', null, 'Christchurch','New Zealand', null, '32', true, '2024-12-03');
INSERT INTO garden (gardener_id, name, location, suburb, city, country, postcode, size, PUBLIC_GARDEN, creation_date) VALUES (2, 'Butterfly Bliss Garden','20 Kirkwood avenue', null, 'Christchurch','New Zealand', null, '100', false, '2024-12-04');
INSERT INTO garden (gardener_id, name, location, suburb, city, country, postcode, size, PUBLIC_GARDEN, creation_date) VALUES (3, 'Crystal Springs Garden','1 Molesworth Street', 'Pipitea', 'Wellington','New Zealand', '6011', '300', false, '2024-12-05');
INSERT INTO garden (gardener_id, name, location, suburb, city, country, postcode, size, PUBLIC_GARDEN, creation_date) VALUES (1, 'Fragrant Fields','53 Hereford Street', null, 'Christchurch','New Zealand', '8154', '15', true, '2024-12-02');
INSERT INTO garden (gardener_id, name, location, suburb, city, country, postcode, size, PUBLIC_GARDEN, creation_date) VALUES (2, 'Hidden Haven', '12 Elm Street', 'Rosewood', 'Los Angeles', 'USA', '90001', '10', true, '2024-06-15');
INSERT INTO garden (gardener_id, name, location, suburb, city, country, postcode, size, PUBLIC_GARDEN, creation_date) VALUES (3, 'Jade Garden', '99 Lakeview Drive', 'Lakeside', 'Chicago', 'USA', '60601', '20', true, '2024-05-10');
INSERT INTO garden (gardener_id, name, location, suburb, city, country, postcode, size, PUBLIC_GARDEN, creation_date) VALUES (4, 'Moonflower Meadow', '455 Palm Avenue', 'Greenfield', 'Miami', 'USA', '33101', '25', true, '2024-04-22');
INSERT INTO garden (gardener_id, name, location, suburb, city, country, postcode, size, PUBLIC_GARDEN, creation_date) VALUES (5, 'Rustic Retreat', '32 Sunflower Lane', 'Sunnyvale', 'San Jose', 'USA', '95101', '12', true, '2024-03-18');
INSERT INTO garden (gardener_id, name, location, suburb, city, country, postcode, size, PUBLIC_GARDEN, creation_date) VALUES (6, 'Sunflower Sanctuary', '78 Highland Road', 'Hilltop', 'Denver', 'USA', '80201', '18', true, '2024-02-28');
INSERT INTO garden (gardener_id, name, location, suburb, city, country, postcode, size, PUBLIC_GARDEN, creation_date) VALUES (7, 'Wildflower Woods', '15 Maple Street', 'Mapleton', 'Toronto', 'Canada', 'M4B 1B3', '14', true, '2024-01-15');


INSERT INTO plant (name, garden_id, count, description, image) VALUES ('My Plant', 1, '2', 'Rose', '/images/placeholder.jpg');
INSERT INTO plant (name, garden_id, count, description, image) VALUES ('My Plant 2', 1, '29', 'Daisy', '/images/placeholder.jpg');
INSERT INTO plant (name, garden_id, count, description, image) VALUES ('Tomato', 1, '10', 'Red and juicy', '/images/placeholder.jpg');
INSERT INTO plant (name, garden_id, count, description, image) VALUES ('Lavender', 1, '15', 'Fragrant purple flowers', '/images/placeholder.jpg');
INSERT INTO plant (name, garden_id, count, description, image) VALUES ('Basil', 1, '8', 'Aromatic herb used in cooking', '/images/placeholder.jpg');
INSERT INTO plant (name, garden_id, count, description, image) VALUES ('Sunflower', 1, '20', 'Bright and cheerful', '/images/placeholder.jpg');
INSERT INTO plant (name, garden_id, count, description, image) VALUES ('Lily', 1, '12', 'Elegant and fragrant', '/images/placeholder.jpg');
INSERT INTO plant (name, garden_id, count, description, image) VALUES ('Mint', 1, '6', 'Refreshing herb for drinks and salads', '/images/placeholder.jpg');
INSERT INTO plant (name, garden_id, count, description, image) VALUES ('Rosemary', 1, '9', 'Aromatic herb for seasoning', '/images/placeholder.jpg');
INSERT INTO plant (name, garden_id, count, description, image) VALUES ('Daisy', 1, '25', 'White and yellow flower', '/images/placeholder.jpg');
INSERT INTO plant (name, garden_id, count, description, image) VALUES ('Cactus', 1, '5', 'Low-maintenance succulent', '/images/placeholder.jpg');
INSERT INTO plant (name, garden_id, count, description, image) VALUES ('Fern', 1, '18', 'Shade-loving foliage plant', '/images/placeholder.jpg');

INSERT INTO plant (name, garden_id, count, date_planted, image) VALUES ('My Plant', 2, '0', '12/03/2024', '/images/placeholder.jpg');
INSERT INTO plant (name, garden_id, count, image) VALUES ('My Plant 2', 2, '29', '/images/placeholder.jpg');
INSERT INTO plant (name, garden_id, count, description, image) VALUES ('Tomato', 2, '10', 'Red and juicy', '/images/placeholder.jpg');

INSERT INTO plant (name, garden_id, count, description, date_planted, image) VALUES ('Daisy', 3, '25', 'White and yellow flower', '23/10/2022', '/images/placeholder.jpg');
INSERT INTO plant (name, garden_id, count, description, date_planted, image) VALUES ('Cactus', 3, '0', 'Low-maintenance succulent', '11/11/2001', '/images/placeholder.jpg');
INSERT INTO plant (name, garden_id, count, description, image) VALUES ('Fern', 3, '18', 'Shade-loving foliage plant', '/images/placeholder.jpg');
INSERT INTO plant (name, garden_id, count, description, image) VALUES ('Rosemary', 3, '9', 'Aromatic herb for seasoning', '/images/placeholder.jpg');

ALTER TABLE relationships ADD CONSTRAINT unique_gardener_friend UNIQUE (gardener_id, friend_id);

INSERT INTO relationships (gardener_id, friend_id, status) VALUES (1, 2, 'accepted');
INSERT INTO relationships (gardener_id, friend_id, status) VALUES (1, 10, 'accepted');
INSERT INTO relationships (gardener_id, friend_id, status) VALUES (1, 11, 'accepted');
INSERT INTO relationships (gardener_id, friend_id, status) VALUES (1, 4, 'accepted');
INSERT INTO relationships (gardener_id, friend_id, status) VALUES (1, 5, 'accepted');
INSERT INTO relationships (gardener_id, friend_id, status) VALUES (1, 6, 'accepted');
INSERT INTO relationships (gardener_id, friend_id, status) VALUES (1, 7, 'accepted');
INSERT INTO relationships (gardener_id, friend_id, status) VALUES (1, 8, 'accepted');
INSERT INTO relationships (gardener_id, friend_id, status) VALUES (1, 9, 'accepted');
INSERT INTO relationships (gardener_id, friend_id, status) VALUES (1, 14, 'accepted');
INSERT INTO relationships (gardener_id, friend_id, status) VALUES (1, 15, 'accepted');

INSERT INTO relationships (gardener_id, friend_id, status) VALUES (1, 12, 'pending');
INSERT INTO relationships (gardener_id, friend_id, status) VALUES (1, 13, 'pending');
INSERT INTO relationships (gardener_id, friend_id, status) VALUES (1, 3, 'declined');

INSERT INTO relationships (gardener_id, friend_id, status) VALUES (4, 1, 'pending');
INSERT INTO relationships (gardener_id, friend_id, status) VALUES (6, 1, 'pending');



INSERT INTO tag (garden , tag_name) VALUES (1, 'herbs');
INSERT INTO tag (garden , tag_name) VALUES (1, 'spices');
INSERT INTO tag (garden , tag_name) VALUES (2, 'fruit');
INSERT INTO tag (garden , tag_name) VALUES (2, 'vegetables');
INSERT INTO tag (garden , tag_name) VALUES (3, 'berries');
INSERT INTO tag (garden , tag_name) VALUES (3, 'outdoor');
INSERT INTO tag (garden , tag_name) VALUES (4, 'indoor');
INSERT INTO tag (garden , tag_name) VALUES (3, 'flowers');
INSERT INTO tag (garden , tag_name) VALUES (11, 'herbs');
INSERT INTO tag (garden , tag_name) VALUES (21, 'herbs');
INSERT INTO tag (garden , tag_name) VALUES (31, 'herbs');
INSERT INTO tag (garden , tag_name) VALUES (41, 'herbs');
INSERT INTO tag (garden , tag_name) VALUES (14, 'herbs');
INSERT INTO tag (garden , tag_name) VALUES (24, 'herbs');
INSERT INTO tag (garden , tag_name) VALUES (34, 'herbs');
INSERT INTO tag (garden , tag_name) VALUES (44, 'herbs');
INSERT INTO tag (garden , tag_name) VALUES (15, 'herbs');
INSERT INTO tag (garden , tag_name) VALUES (25, 'herbs');
INSERT INTO tag (garden , tag_name) VALUES (35, 'herbs');
INSERT INTO tag (garden , tag_name) VALUES (45, 'herbs');


-- email: a@gmail.com
-- password: Password1!
