INSERT INTO gardener (first_name, last_name, DoB, email, password, profile_picture, bad_word_count) VALUES ('Iron', 'Man', DATE '2004-01-07', 'a@gmail.com', '$2a$10$5JkvOc65rJFRmpjOIeEOi.lBGL6ttCiV6dYHdMR2Cdlxu8s1cs26O', '/images/userProfileExample/ironMan.png', 0);
INSERT INTO gardener (first_name, last_name, DoB, email, password, profile_picture, bad_word_count) VALUES ('Captain', 'America', DATE '2004-01-07', 'b@gmail.com', '$2a$10$5JkvOc65rJFRmpjOIeEOi.lBGL6ttCiV6dYHdMR2Cdlxu8s1cs26O', '/images/userProfileExample/captainA.png', 0);
INSERT INTO gardener (first_name, last_name, DoB, email, password, profile_picture, bad_word_count) VALUES ('Black', 'Widow', null, 'c@gmail.com', '$2a$10$5JkvOc65rJFRmpjOIeEOi.lBGL6ttCiV6dYHdMR2Cdlxu8s1cs26O', '/images/userProfileExample/blackwidow.png', 0);
INSERT INTO gardener (first_name, last_name, DoB, email, password, profile_picture, bad_word_count) VALUES ('LongestFirstNameLongestFirstNameLongestFirstNameLongestFirstName', 'LongestLastNameLongestLastNameLongestLastNameLongestLastNameLong', null, 'test10@gmail.com', '$2a$10$5JkvOc65rJFRmpjOIeEOi.lBGL6ttCiV6dYHdMR2Cdlxu8s1cs26O', '/images/defaultProfilePic.png', 0);
INSERT INTO gardener (first_name, last_name, DoB, email, password, profile_picture, bad_word_count) VALUES ('Thor', null, DATE '2004-01-07', 'd@gmail.com', '$2a$10$5JkvOc65rJFRmpjOIeEOi.lBGL6ttCiV6dYHdMR2Cdlxu8s1cs26O', '/images/userProfileExample/thor.png', 0);
INSERT INTO gardener (first_name, last_name, DoB, email, password, profile_picture, bad_word_count) VALUES ('Hulk', 'Bruce', DATE '2004-01-07', 'e@gmail.com', '$2a$10$5JkvOc65rJFRmpjOIeEOi.lBGL6ttCiV6dYHdMR2Cdlxu8s1cs26O', '/images/userProfileExample/hulk.png', 0);
INSERT INTO gardener (first_name, last_name, DoB, email, password, profile_picture, bad_word_count) VALUES ('Captain', 'Marvel', null, 'test1@gmail.com', '$2a$10$5JkvOc65rJFRmpjOIeEOi.lBGL6ttCiV6dYHdMR2Cdlxu8s1cs26O', '/images/userProfileExample/captainM.png', 0);
INSERT INTO gardener (first_name, last_name, DoB, email, password, profile_picture, bad_word_count) VALUES ('Wanda', 'Maximoff', null, 'test2@gmail.com', '$2a$10$5JkvOc65rJFRmpjOIeEOi.lBGL6ttCiV6dYHdMR2Cdlxu8s1cs26O', '/images/userProfileExample/wanda.png', 0);
INSERT INTO gardener (first_name, last_name, DoB, email, password, profile_picture, bad_word_count) VALUES ('Vision', null, null, 'test3@gmail.com', '$2a$10$5JkvOc65rJFRmpjOIeEOi.lBGL6ttCiV6dYHdMR2Cdlxu8s1cs26O', '/images/userProfileExample/vision.png', 0);
INSERT INTO gardener (first_name, last_name, DoB, email, password, profile_picture, bad_word_count) VALUES ('Peter', 'Parker', null, 'test4@gmail.com', '$2a$10$5JkvOc65rJFRmpjOIeEOi.lBGL6ttCiV6dYHdMR2Cdlxu8s1cs26O', '/images/userProfileExample/spider.png', 0);
INSERT INTO gardener (first_name, last_name, DoB, email, password, profile_picture, bad_word_count) VALUES ('Groot', null, null, 'test5@gmail.com', '$2a$10$5JkvOc65rJFRmpjOIeEOi.lBGL6ttCiV6dYHdMR2Cdlxu8s1cs26O', '/images/userProfileExample/groot.png', 0);
INSERT INTO gardener (first_name, last_name, DoB, email, password, profile_picture, bad_word_count) VALUES ('Rocket', null, null, 'test6@gmail.com', '$2a$10$5JkvOc65rJFRmpjOIeEOi.lBGL6ttCiV6dYHdMR2Cdlxu8s1cs26O', '/images/userProfileExample/rocket.png', 0);
INSERT INTO gardener (first_name, last_name, DoB, email, password, profile_picture, bad_word_count) VALUES ('Drax', 'Bautista', null, 'test7@gmail.com', '$2a$10$5JkvOc65rJFRmpjOIeEOi.lBGL6ttCiV6dYHdMR2Cdlxu8s1cs26O', '/images/userProfileExample/drax.png', 0);
INSERT INTO gardener (first_name, last_name, DoB, email, password, profile_picture, bad_word_count) VALUES ('Scott', 'Lang', null, 'test8@gmail.com', '$2a$10$5JkvOc65rJFRmpjOIeEOi.lBGL6ttCiV6dYHdMR2Cdlxu8s1cs26O', '/images/defaultProfilePic.png', 0);
INSERT INTO gardener (first_name, last_name, DoB, email, password, profile_picture, bad_word_count) VALUES ('Hawkeye', null, null, 'test9@gmail.com', '$2a$10$5JkvOc65rJFRmpjOIeEOi.lBGL6ttCiV6dYHdMR2Cdlxu8s1cs26O', '/images/userProfileExample/hawkeye.png', 0);



INSERT INTO main_page_layout (format, gardener_id, widget_small_one, widget_small_two, widget_tall, widget_wide, widgets_enabled) VALUES ('1 2 3', 1, 'recentGardens', 'recentPlants', 'myGardens', 'myFriends', '1 1 1 1');
INSERT INTO main_page_layout (format, gardener_id, widget_small_one, widget_small_two, widget_tall, widget_wide, widgets_enabled) VALUES ('1 2 3', 2, 'recentGardens', 'recentPlants', 'myGardens', 'myFriends', '1 1 1 1');
INSERT INTO main_page_layout (format, gardener_id, widget_small_one, widget_small_two, widget_tall, widget_wide, widgets_enabled) VALUES ('1 2 3', 3, 'recentGardens', 'recentPlants', 'myGardens', 'myFriends', '1 1 1 1');
INSERT INTO main_page_layout (format, gardener_id, widget_small_one, widget_small_two, widget_tall, widget_wide, widgets_enabled) VALUES ('1 2 3', 4, 'recentGardens', 'recentPlants', 'myGardens', 'myFriends', '1 1 1 1');
INSERT INTO main_page_layout (format, gardener_id, widget_small_one, widget_small_two, widget_tall, widget_wide, widgets_enabled) VALUES ('1 2 3', 5, 'recentGardens', 'recentPlants', 'myGardens', 'myFriends', '1 1 1 1');
INSERT INTO main_page_layout (format, gardener_id, widget_small_one, widget_small_two, widget_tall, widget_wide, widgets_enabled) VALUES ('1 2 3', 6, 'recentGardens', 'recentPlants', 'myGardens', 'myFriends', '1 1 1 1');
INSERT INTO main_page_layout (format, gardener_id, widget_small_one, widget_small_two, widget_tall, widget_wide, widgets_enabled) VALUES ('1 2 3', 7, 'recentGardens', 'recentPlants', 'myGardens', 'myFriends', '1 1 1 1');
INSERT INTO main_page_layout (format, gardener_id, widget_small_one, widget_small_two, widget_tall, widget_wide, widgets_enabled) VALUES ('1 2 3', 8, 'recentGardens', 'recentPlants', 'myGardens', 'myFriends', '1 1 1 1');
INSERT INTO main_page_layout (format, gardener_id, widget_small_one, widget_small_two, widget_tall, widget_wide, widgets_enabled) VALUES ('1 2 3', 9, 'recentGardens', 'recentPlants', 'myGardens', 'myFriends', '1 1 1 1');
INSERT INTO main_page_layout (format, gardener_id, widget_small_one, widget_small_two, widget_tall, widget_wide, widgets_enabled) VALUES ('1 2 3', 10, 'recentGardens', 'recentPlants', 'myGardens', 'myFriends', '1 1 1 1');
INSERT INTO main_page_layout (format, gardener_id, widget_small_one, widget_small_two, widget_tall, widget_wide, widgets_enabled) VALUES ('1 2 3', 11, 'recentGardens', 'recentPlants', 'myGardens', 'myFriends', '1 1 1 1');
INSERT INTO main_page_layout (format, gardener_id, widget_small_one, widget_small_two, widget_tall, widget_wide, widgets_enabled) VALUES ('1 2 3', 12, 'recentGardens', 'recentPlants', 'myGardens', 'myFriends', '1 1 1 1');
INSERT INTO main_page_layout (format, gardener_id, widget_small_one, widget_small_two, widget_tall, widget_wide, widgets_enabled) VALUES ('1 2 3', 13, 'recentGardens', 'recentPlants', 'myGardens', 'myFriends', '1 1 1 1');
INSERT INTO main_page_layout (format, gardener_id, widget_small_one, widget_small_two, widget_tall, widget_wide, widgets_enabled) VALUES ('1 2 3', 14, 'recentGardens', 'recentPlants', 'myGardens', 'myFriends', '1 1 1 1');
INSERT INTO main_page_layout (format, gardener_id, widget_small_one, widget_small_two, widget_tall, widget_wide, widgets_enabled) VALUES ('1 2 3', 15, 'recentGardens', 'recentPlants', 'myGardens', 'myFriends', '1 1 1 1');

INSERT INTO authority (gardener_id, role) VALUES (1, 'ROLE_USER');
INSERT INTO authority (gardener_id, role) VALUES (2, 'ROLE_USER');
INSERT INTO authority (gardener_id, role) VALUES (3, 'ROLE_USER');
INSERT INTO authority (gardener_id, role) VALUES (4, 'ROLE_USER');
INSERT INTO authority (gardener_id, role) VALUES (5, 'ROLE_USER');
INSERT INTO authority (gardener_id, role) VALUES (6, 'ROLE_USER');
INSERT INTO authority (gardener_id, role) VALUES (7, 'ROLE_USER');
INSERT INTO authority (gardener_id, role) VALUES (8, 'ROLE_USER');
INSERT INTO authority (gardener_id, role) VALUES (9, 'ROLE_USER');
INSERT INTO authority (gardener_id, role) VALUES (10, 'ROLE_USER');
INSERT INTO authority (gardener_id, role) VALUES (11, 'ROLE_USER');
INSERT INTO authority (gardener_id, role) VALUES (12, 'ROLE_USER');
INSERT INTO authority (gardener_id, role) VALUES (13, 'ROLE_USER');
INSERT INTO authority (gardener_id, role) VALUES (14, 'ROLE_USER');
INSERT INTO authority (gardener_id, role) VALUES (15, 'ROLE_USER');

INSERT INTO garden (gardener_id, name, location, suburb, city, country, postcode, size, PUBLIC_GARDEN, creation_date) VALUES (1, 'Ironman''s Oasis', '26 Kirkwood Avenue', null, 'Christchurch', 'New Zealand', '90265', '32', true, '2015-03-15');
-- this garden is to check overflowing textfield
INSERT INTO garden (gardener_id, name, location, suburb, city, country, postcode, size, description, PUBLIC_GARDEN, creation_date) VALUES (1,'ThisIsTheLongestNameGardenTheReasonWeHaveThisIsForTestingOverFlo','EverythingHasToBeLongWithoutAnySpaceEverythingHasToBeLongWit','EverythingHasToBeLongWithoutAnySpaceEverythingHasToBeLongWithoutAnySpaceEverythingHasToBeL','EverythingHasToBeLongWithoutAnySpaceEverythingHasToBeLongWithoutAnySpaceEverythingHasToBeLongWithoutAnySpaceEverythingHasToBeLongWithoutAnySpaceEverythingHasToBeLongWithoutAnySpace','EverythingHasToBeLongWithoutAnySpaceEverythingHasToBeLongWit','Everything','10000000','EverythingHasToBeLongWithoutAnySpaceEverythingHasToBeLongWithoutAnySpaceEverythingHasToBeLongWithoutAnySpaceEverythingHasToBeLongWithoutAnySpaceEverythingHasToBeLongWithoutAnySpaceEverythingHasToBeLongWithoutAnySpaceEverythingHasToBeLongWithoutAnySpaceEverythingHasToBeLongWithoutAnySpaceEverythingHasToBeLongWithoutAnySpaceEverythingHasToBeLongWithoutAnySpaceEverythingHasToBeLongWithoutAnySpaceEverythingHasToBeLongWithoutAnySpaceEverythingHasToBeLongWithoutAnySpaceEverythingHasToBeLongWithoutAnySpaceEverythi' ,true,'2018-05-21');
INSERT INTO garden (gardener_id, name, location, suburb, city, country, postcode, size, PUBLIC_GARDEN, creation_date) VALUES (1, 'Stark Tower Rooftop', '200 Park Avenue', 'Midtown', 'New York', 'USA', '10166', '15', true, '2016-02-29');
INSERT INTO garden (gardener_id, name, location, suburb, city, country, postcode, size, PUBLIC_GARDEN, creation_date) VALUES (1, 'Urban Jungle', '111 Concrete Jungle St', 'Metro', 'New York', 'USA', '10001', '25', true, '2019-01-30');
INSERT INTO garden (gardener_id, name, location, suburb, city, country, postcode, size, PUBLIC_GARDEN, creation_date) VALUES (1, 'Vertical Garden', '888 Wall St', 'Financial District', 'Singapore', 'Singapore', '018989', '20', true, '2021-06-30');

INSERT INTO garden (gardener_id, name, location, suburb, city, country, postcode, size, PUBLIC_GARDEN, creation_date) VALUES (1, 'Fairy Garden', '1515 Whimsical Way', 'Enchanted Forest', 'Dublin', 'Ireland', 'D01 F5P2', '35', true, '2023-10-31');
INSERT INTO garden (gardener_id, name, location, suburb, city, country, postcode, size, PUBLIC_GARDEN, creation_date) VALUES (1, 'Rooftop Haven', '789 Skyline Ave', 'Downtown', 'Chicago', 'USA', '60601', '30', false, '2017-05-10');
INSERT INTO garden (gardener_id, name, location, suburb, city, country, postcode, size, PUBLIC_GARDEN, creation_date) VALUES (2, 'Captain''s Victory Garden', '569 Leaman Place', 'Brooklyn Heights', 'New York', 'USA', '11201', '100', true, '2015-07-04');
INSERT INTO garden (gardener_id, name, location, suburb, city, country, postcode, size, PUBLIC_GARDEN, creation_date) VALUES (2, 'Tropical Paradise', '56 Palm Beach Dr', 'Seaside', 'Miami', 'USA', '33101', '150', true, '2018-01-12');
INSERT INTO garden (gardener_id, name, location, suburb, city, country, postcode, size, PUBLIC_GARDEN, creation_date) VALUES (2, 'Bamboo Forest', '444 Panda Path', 'Eastside', 'Chengdu', 'China', '610000', '300', true, '2020-02-11');

INSERT INTO garden (gardener_id, name, location, suburb, city, country, postcode, size, PUBLIC_GARDEN, creation_date) VALUES (2, 'Rock Garden', '1111 Boulder Blvd', 'Stonehenge', 'Salisbury', 'UK', 'SP4 7DE', '180', true, '2022-07-21');
INSERT INTO garden (gardener_id, name, location, suburb, city, country, postcode, size, PUBLIC_GARDEN, creation_date) VALUES (2, 'Permaculture Paradise', '3232 Sustainable St', 'Eco Village', 'Byron Bay', 'Australia', '2481', '400', true, '2019-06-21');
INSERT INTO garden (gardener_id, name, location, suburb, city, country, postcode, size, PUBLIC_GARDEN, creation_date) VALUES (2, 'Hanging Gardens', '1818 Cascade Falls', 'Waterfall', 'Bablyon', 'Iraq', '51001', '400', true, '2024-05-07');
INSERT INTO garden (gardener_id, name, location, suburb, city, country, postcode, size, PUBLIC_GARDEN, creation_date) VALUES (2, 'Asgardian Courtyard', '1 Rainbow Bridge', null, 'Asgard', 'Nine Realms', null, '10', true, '2016-06-15');
INSERT INTO garden (gardener_id, name, location, suburb, city, country, postcode, size, PUBLIC_GARDEN, creation_date) VALUES (3, 'Black Widow''s Secret Garden', '1 Red Square', null, 'Moscow', 'Russia', '109012', '300', true, '2015-11-22');

INSERT INTO garden (gardener_id, name, location, suburb, city, country, postcode, size, PUBLIC_GARDEN, creation_date) VALUES (3, 'Zen Retreat', '45 Peaceful Ln', 'Harmony', 'Kyoto', 'Japan', '600-8216', '75', true, '2017-01-20');
INSERT INTO garden (gardener_id, name, location, suburb, city, country, postcode, size, PUBLIC_GARDEN, creation_date) VALUES (4, 'Alpine Retreat', '78 Mountain View Rd', 'Highlands', 'Zurich', 'Switzerland', '8001', '100', true, '2018-05-18');
INSERT INTO garden (gardener_id, name, location, suburb, city, country, postcode, size, PUBLIC_GARDEN, creation_date) VALUES (7, 'Desert Oasis', '910 Cactus Way', 'Sands', 'Phoenix', 'USA', '85001', '80', true, '2018-09-22');
INSERT INTO garden (gardener_id, name, location, suburb, city, country, postcode, size, PUBLIC_GARDEN, creation_date) VALUES (5, 'Cottage Garden', '222 Quaint Lane', 'Countryside', 'Cotswolds', 'UK', 'GL54 2AZ', '60', true, '2019-06-14');
INSERT INTO garden (gardener_id, name, location, suburb, city, country, postcode, size, PUBLIC_GARDEN, creation_date) VALUES (5, 'Emerald Sanctuary', '123 Green St', 'Riverside', 'Portland', 'USA', '97201', '50', true, '2016-10-01');

INSERT INTO garden (gardener_id, name, location, suburb, city, country, postcode, size, PUBLIC_GARDEN, creation_date) VALUES (3, 'Butterfly Haven', '333 Flutter By Way', 'Meadowlands', 'San Diego', 'USA', '92101', '40', true, '2019-10-05');
INSERT INTO garden (gardener_id, name, location, suburb, city, country, postcode, size, PUBLIC_GARDEN, creation_date) VALUES (6, 'Herb Paradise', '555 Aroma Ave', 'Flavortown', 'Provence', 'France', '13100', '45', true, '2020-06-20');
INSERT INTO garden (gardener_id, name, location, suburb, city, country, postcode, size, PUBLIC_GARDEN, creation_date) VALUES (6, 'Wildflower Meadow', '234 Prairie Rd', 'Grasslands', 'Austin', 'USA', '78701', '200', true, '2017-09-05');
INSERT INTO garden (gardener_id, name, location, suburb, city, country, postcode, size, PUBLIC_GARDEN, creation_date) VALUES (4, 'Succulent Sanctuary', '666 Dusty Rd', 'Dry Gulch', 'Tucson', 'USA', '85701', '70', true, '2020-10-25');
INSERT INTO garden (gardener_id, name, location, suburb, city, country, postcode, size, PUBLIC_GARDEN, creation_date) VALUES (7, 'Rose Garden', '777 Thorny Path', 'Fragrant Hills', 'Portland', 'USA', '97205', '90', true, '2021-02-14');

INSERT INTO garden (gardener_id, name, location, suburb, city, country, postcode, size, PUBLIC_GARDEN, creation_date) VALUES (5, 'Meditation Garden', '999 Calm Court', 'Serenity', 'Bali', 'Indonesia', '80361', '110', true, '2021-11-22');
INSERT INTO garden (gardener_id, name, location, suburb, city, country, postcode, size, PUBLIC_GARDEN, creation_date) VALUES (3, 'Fruit Orchard', '1010 Juicy Lane', 'Tasty Town', 'Valencia', 'Spain', '46001', '250', true, '2022-03-18');
INSERT INTO garden (gardener_id, name, location, suburb, city, country, postcode, size, PUBLIC_GARDEN, creation_date) VALUES (6, 'Rain Forest', '1212 Mist Ave', 'Cloudforest', 'Manaus', 'Brazil', '69000-000', '500', true, '2022-11-15');
INSERT INTO garden (gardener_id, name, location, suburb, city, country, postcode, size, PUBLIC_GARDEN, creation_date) VALUES (4, 'Seaside Garden', '1313 Ocean View Dr', 'Coastal', 'Sydney', 'Australia', '2000', '85', true, '2023-03-08');
INSERT INTO garden (gardener_id, name, location, suburb, city, country, postcode, size, PUBLIC_GARDEN, creation_date) VALUES (7, 'Bonsai Collection', '1414 Miniature Rd', 'Tiny Town', 'Tokyo', 'Japan', '100-0005', '15', true, '2023-07-09');

INSERT INTO garden (gardener_id, name, location, suburb, city, country, postcode, size, PUBLIC_GARDEN, creation_date) VALUES (5, 'Cactus Canyon', '1616 Prickly Pear Rd', 'Desertscape', 'Sedona', 'USA', '86336', '120', true, '2024-02-15');
INSERT INTO garden (gardener_id, name, location, suburb, city, country, postcode, size, PUBLIC_GARDEN, creation_date) VALUES (3, 'Cherry Blossom Park', '1717 Sakura St', 'Hanami', 'Kyoto', 'Japan', '605-0862', '200', true, '2024-04-01');
INSERT INTO garden (gardener_id, name, location, suburb, city, country, postcode, size, PUBLIC_GARDEN, creation_date) VALUES (6, 'Lavender Fields', '1919 Purple Haze Ln', 'Fragrant Valley', 'Provence', 'France', '84400', '300', true, '2024-06-14');
INSERT INTO garden (gardener_id, name, location, suburb, city, country, postcode, size, PUBLIC_GARDEN, creation_date) VALUES (4, 'Sunflower Meadow', '2020 Sunny Side Up', 'Bright Valley', 'Tuscany', 'Italy', '50122', '250', true, '2024-07-21');
INSERT INTO garden (gardener_id, name, location, suburb, city, country, postcode, size, PUBLIC_GARDEN, creation_date) VALUES (7, 'Arctic Greenhouse', '2121 Polar Express', 'Frozen Fjord', 'Tromsø', 'Norway', '9008', '50', true, '2015-08-01');

INSERT INTO garden (gardener_id, name, location, suburb, city, country, postcode, size, PUBLIC_GARDEN, creation_date) VALUES (1, 'Zen Rock Garden', '2222 Meditation Mews', 'Inner Peace', 'Kyoto', 'Japan', '605-0862', '75', true, '2015-12-05');
INSERT INTO garden (gardener_id, name, location, suburb, city, country, postcode, size, PUBLIC_GARDEN, creation_date) VALUES (5, 'Hummingbird Haven', '2323 Nectar Nook', 'Flutterby', 'Costa Rica', 'Costa Rica', '10101', '40', true, '2016-04-15');
INSERT INTO garden (gardener_id, name, location, suburb, city, country, postcode, size, PUBLIC_GARDEN, creation_date) VALUES (3, 'Tulip Fields', '2424 Rainbow Row', 'Colorful Plains', 'Amsterdam', 'Netherlands', '1012 JS', '350', true, '2016-08-22');
INSERT INTO garden (gardener_id, name, location, suburb, city, country, postcode, size, PUBLIC_GARDEN, creation_date) VALUES (2, 'Moss Garden', '2525 Velvet Verde', 'Lush Grove', 'Seattle', 'USA', '98101', '60', true, '2016-12-30');
INSERT INTO garden (gardener_id, name, location, suburb, city, country, postcode, size, PUBLIC_GARDEN, creation_date) VALUES (6, 'Topiary Wonderland', '2626 Scissorhands St', 'Shapely Shrubs', 'Versailles', 'France', '78000', '150', true, '2017-04-15');

INSERT INTO garden (gardener_id, name, location, suburb, city, country, postcode, size, PUBLIC_GARDEN, creation_date) VALUES (4, 'Prehistoric Garden', '2727 Jurassic Park', 'Ancient Grove', 'Kauai', 'USA', '96746', '500', true, '2017-08-31');
INSERT INTO garden (gardener_id, name, location, suburb, city, country, postcode, size, PUBLIC_GARDEN, creation_date) VALUES (7, 'Butterfly Conservatory', '2828 Metamorphosis Ave', 'Winged Wonders', 'Key West', 'USA', '33040', '80', true, '2018-01-11');
INSERT INTO garden (gardener_id, name, location, suburb, city, country, postcode, size, PUBLIC_GARDEN, creation_date) VALUES (5, 'Carnivorous Plant Bog', '3030 Venus Flytrap Rd', 'Hungry Hollow', 'North Carolina', 'USA', '28401', '30', true, '2018-09-01');
INSERT INTO garden (gardener_id, name, location, suburb, city, country, postcode, size, PUBLIC_GARDEN, creation_date) VALUES (3, 'Hydroponic Lab', '3131 Nutrient Flow', 'Futuristic Farms', 'Tokyo', 'Japan', '100-0005', '25', true, '2019-02-14');
INSERT INTO garden (gardener_id, name, location, suburb, city, country, postcode, size, PUBLIC_GARDEN, creation_date) VALUES (6, 'Rooftop Vineyard', '3333 Grape Expectations', 'Urban Winery', 'Napa', 'USA', '94559', '100', true, '2019-10-15');


INSERT INTO plant (name, garden_id, count, description, image) VALUES ('Lavender', 1, '2', 'Fragrant purple flowers', '/images/plantImageExample/lavender.png');
INSERT INTO plant (name, garden_id, count, description, image) VALUES ('Tomato', 1, '29', 'Red and juicy fruit', '/images/plantImageExample/tomato.png');
INSERT INTO plant (name, garden_id, count, description, image) VALUES ('Oak Tree', 1, '10', 'Majestic shade tree', '/images/plantImageExample/oakTree.png');
INSERT INTO plant (name, garden_id, count, description, image) VALUES ('Rosemary', 1, '15', 'Aromatic herb', '/images/plantImageExample/rosemary.png');
INSERT INTO plant (name, garden_id, count, description, image) VALUES ('Sunflower', 1, '8', 'Tall with bright yellow flowers', '/images/plantImageExample/sunflower.png');
INSERT INTO plant (name, garden_id, count, description, image) VALUES ('Strawberry', 1, '20', 'Sweet red berries', '/images/placeholder.jpg');
INSERT INTO plant (name, garden_id, count, description, image) VALUES ('Basil', 1, '12', 'Fragrant culinary herb', '/images/placeholder.jpg');
INSERT INTO plant (name, garden_id, count, description, image) VALUES ('Rose', 1, '6', 'Classic romantic flower', '/images/placeholder.jpg');
INSERT INTO plant (name, garden_id, count, description, image) VALUES ('Apple Tree', 1, '9', 'Fruit-bearing tree', '/images/placeholder.jpg');
INSERT INTO plant (name, garden_id, count, description, image) VALUES ('Tulip', 1, '25', 'Colorful spring flower', '/images/placeholder.jpg');
INSERT INTO plant (name, garden_id, count, description, image) VALUES ('Cactus', 1, '5', 'Desert succulent', '/images/placeholder.jpg');
INSERT INTO plant (name, garden_id, count, description, image) VALUES ('Mint', 1, '18', 'Refreshing herb', '/images/placeholder.jpg');
INSERT INTO plant (name, garden_id, count, description, image) VALUES ('Cucumber', 2, '15', 'Crisp green vegetable', '/images/placeholder.jpg');
INSERT INTO plant (name, garden_id, count, description, image) VALUES ('Daffodil', 2, '30', 'Cheerful yellow spring flower', '/images/placeholder.jpg');
INSERT INTO plant (name, garden_id, count, description, image) VALUES ('Thyme', 2, '8', 'Low-growing aromatic herb', '/images/placeholder.jpg');
INSERT INTO plant (name, garden_id, count, description, image) VALUES ('Maple Tree', 2, '3', 'Colorful autumn foliage', '/images/placeholder.jpg');
INSERT INTO plant (name, garden_id, count, description, image) VALUES ('Carrot', 3, '50', 'Orange root vegetable', '/images/placeholder.jpg');
INSERT INTO plant (name, garden_id, count, description, image) VALUES ('Lily', 3, '12', 'Elegant fragrant flower', '/images/placeholder.jpg');
INSERT INTO plant (name, garden_id, count, description, image) VALUES ('Oregano', 3, '10', 'Mediterranean culinary herb', '/images/placeholder.jpg');
INSERT INTO plant (name, garden_id, count, description, image) VALUES ('Pine Tree', 3, '7', 'Evergreen conifer', '/images/placeholder.jpg');
INSERT INTO plant (name, garden_id, count, description, image) VALUES ('Petunia', 4, '40', 'Colorful annual flower', '/images/placeholder.jpg');
INSERT INTO plant (name, garden_id, count, description, image) VALUES ('Blueberry Bush', 4, '6', 'Sweet berry-producing shrub', '/images/plantImageExample/blueBerryBush.png');
INSERT INTO plant (name, garden_id, count, description, image) VALUES ('Fern', 4, '20', 'Lush shade-loving plant', '/images/plantImageExample/fern.png');
INSERT INTO plant (name, garden_id, count, description, image) VALUES ('Pepper', 5, '25', 'Spicy vegetable in various colors', '/images/placeholder.jpg');
INSERT INTO plant (name, garden_id, count, description, image) VALUES ('Marigold', 5, '35', 'Bright orange and yellow flowers', '/images/placeholder.jpg');
INSERT INTO plant (name, garden_id, count, description, image) VALUES ('Sage', 5, '9', 'Gray-green aromatic herb', '/images/placeholder.jpg');
INSERT INTO plant (name, garden_id, count, description, image) VALUES ('Birch Tree', 5, '4', 'Tree with distinctive white bark', '/images/placeholder.jpg');
INSERT INTO plant (name, garden_id, count, description, image) VALUES ('Lettuce', 6, '60', 'Leafy green vegetable', '/images/placeholder.jpg');
INSERT INTO plant (name, garden_id, count, description, image) VALUES ('Geranium', 6, '18', 'Popular garden and potted flower', '/images/placeholder.jpg');
INSERT INTO plant (name, garden_id, count, description, date_planted, image) VALUES ('Daisy', 3, '25', 'White and yellow flower', '23/10/2022', '/images/placeholder.jpg');
INSERT INTO plant (name, garden_id, count, description, date_planted, image) VALUES ('Cactus', 3, '0', 'Low-maintenance succulent', '11/11/2001', '/images/placeholder.jpg');
INSERT INTO plant (name, garden_id, count, description, image) VALUES ('Fern', 3, '18', 'Shade-loving foliage plant', '/images/placeholder.jpg');
INSERT INTO plant (name, garden_id, count, description, image) VALUES ('Rosemary', 3, '9', 'Aromatic herb for seasoning', '/images/placeholder.jpg');

-- this plant is to check overflowing textfield
INSERT INTO plant (name, garden_id, count, description, image) VALUES ('LongestPlantNameIsThis.AnythingCannotBeatThis.LongestPlantNameIs', 2, '10000000', 'EverythingHasToBeLongWithoutAnySpaceEverythingHasToBeLongWithoutAnySpaceEverythingHasToBeLongWithoutAnySpaceEverythingHasToBeLongWithoutAnySpaceEverythingHasToBeLongWithoutAnySpaceEverythingHasToBeLongWithoutAnySpaceEverythingHasToBeLongWithoutAnySpaceEverythingHasToBeLongWithoutAnySpaceEverythingHasToBeLongWithoutAnySpaceEverythingHasToBeLongWithoutAnySpaceEverythingHasToBeLongWithoutAnySpaceEverythingHasToBeLongWithoutAnySpaceEverythingHasToBeLongWithoutAnySpaceEverythingHasToBeLongWithoutAnySpaceEverythi', '/images/plantImageExample/cilantro.png');


ALTER TABLE relationships ADD CONSTRAINT unique_gardener_friend UNIQUE (gardener_id, friend_id);

INSERT INTO relationships (gardener_id, friend_id, status) VALUES (1, 2, 'accepted');
INSERT INTO relationships (gardener_id, friend_id, status) VALUES (1, 4, 'accepted');
INSERT INTO relationships (gardener_id, friend_id, status) VALUES (1, 5, 'accepted');
INSERT INTO relationships (gardener_id, friend_id, status) VALUES (1, 6, 'accepted');
INSERT INTO relationships (gardener_id, friend_id, status) VALUES (1, 7, 'accepted');
INSERT INTO relationships (gardener_id, friend_id, status) VALUES (1, 8, 'accepted');
INSERT INTO relationships (gardener_id, friend_id, status) VALUES (1, 9, 'accepted');
INSERT INTO relationships (gardener_id, friend_id, status) VALUES (1, 10, 'accepted');
INSERT INTO relationships (gardener_id, friend_id, status) VALUES (1, 11, 'accepted');
INSERT INTO relationships (gardener_id, friend_id, status) VALUES (1, 14, 'accepted');
-- INSERT INTO relationships (gardener_id, friend_id, status) VALUES (1, 15, 'accepted');

INSERT INTO relationships (gardener_id, friend_id, status) VALUES (1, 12, 'pending');
INSERT INTO relationships (gardener_id, friend_id, status) VALUES (1, 13, 'pending');
INSERT INTO relationships (gardener_id, friend_id, status) VALUES (1, 3, 'declined');

INSERT INTO relationships (gardener_id, friend_id, status) VALUES (4, 1, 'pending');
INSERT INTO relationships (gardener_id, friend_id, status) VALUES (6, 1, 'pending');



INSERT INTO tag (garden , tag_name) VALUES (1, 'herbs');
INSERT INTO tag (garden , tag_name) VALUES (1, 'spices');
INSERT INTO tag (garden , tag_name) VALUES (2, 'fruit');
INSERT INTO tag (garden , tag_name) VALUES (2, 'LongestTagIsThisLongestTa');
INSERT INTO tag (garden , tag_name) VALUES (2, 'vegetables');
INSERT INTO tag (garden , tag_name) VALUES (3, 'berries');
INSERT INTO tag (garden , tag_name) VALUES (3, 'outdoor');
INSERT INTO tag (garden , tag_name) VALUES (4, 'indoor');
INSERT INTO tag (garden , tag_name) VALUES (3, 'flowers');
INSERT INTO tag (garden , tag_name) VALUES (11, 'herbs');
INSERT INTO tag (garden , tag_name) VALUES (21, 'herbs');
INSERT INTO tag (garden , tag_name) VALUES (31, 'herbs');
INSERT INTO tag (garden , tag_name) VALUES (41, 'herbs');
INSERT INTO tag (garden , tag_name) VALUES (14, 'herbs');
INSERT INTO tag (garden , tag_name) VALUES (24, 'herbs');
INSERT INTO tag (garden , tag_name) VALUES (34, 'herbs');
INSERT INTO tag (garden , tag_name) VALUES (44, 'herbs');
INSERT INTO tag (garden , tag_name) VALUES (15, 'herbs');
INSERT INTO tag (garden , tag_name) VALUES (25, 'herbs');
INSERT INTO tag (garden , tag_name) VALUES (35, 'herbs');
INSERT INTO tag (garden , tag_name) VALUES (45, 'herbs');

INSERT INTO identified_plant (score, gardener_id, name, description, best_match, date_uploaded, family_scientific_name_without_author, gbif_id, image_url, species_scientific_name_without_author, uploaded_image) VALUES (0.10437, 1, 'Arthurchoke', 'Artichoke but Arthur', 'Cynara scolymus L.', '23/08/2024', 'Asteraceae', '3112361', 'https://bs.plantnet.org/image/o/c4d0b675335e5750b947b6b15aba5af9ef39bb50', 'Cynara scolymus', '/images/placeholder.jpg')
INSERT INTO identified_plant (score, gardener_id, name, description, best_match, date_uploaded, family_scientific_name_without_author, gbif_id, image_url, species_scientific_name_without_author, uploaded_image) VALUES (0.10437, 1, 'Arthurchoke', 'Artichoke but Arthur', 'Cynara scolymus L.', '23/08/2024', 'Asteraceae', '3112361', 'https://bs.plantnet.org/image/o/c4d0b675335e5750b947b6b15aba5af9ef39bb50', 'Cynara scolymus', '/images/placeholder.jpg')
INSERT INTO identified_plant (score, gardener_id, name, description, best_match, date_uploaded, family_scientific_name_without_author, gbif_id, image_url, species_scientific_name_without_author, uploaded_image) VALUES (0.10437, 1, 'Arthurchoke', 'Artichoke but Arthur', 'Cynara scolymus L.', '23/08/2024', 'Asteraceae', '3112361', 'https://bs.plantnet.org/image/o/c4d0b675335e5750b947b6b15aba5af9ef39bb50', 'Cynara scolymus', '/images/placeholder.jpg')
INSERT INTO identified_plant (score, gardener_id, name, description, best_match, date_uploaded, family_scientific_name_without_author, gbif_id, image_url, species_scientific_name_without_author, uploaded_image) VALUES (0.10437, 1, 'Arthurchoke', 'Artichoke but Arthur', 'Cynara scolymus L.', '23/08/2024', 'Asteraceae', '3112361', 'https://bs.plantnet.org/image/o/c4d0b675335e5750b947b6b15aba5af9ef39bb50', 'Cynara scolymus', '/images/placeholder.jpg')
INSERT INTO identified_plant (score, gardener_id, name, description, best_match, date_uploaded, family_scientific_name_without_author, gbif_id, image_url, species_scientific_name_without_author, uploaded_image) VALUES (0.10437, 1, 'Arthurchoke', 'Artichoke but Arthur', 'Cynara scolymus L.', '23/08/2024', 'Asteraceae', '3112361', 'https://bs.plantnet.org/image/o/c4d0b675335e5750b947b6b15aba5af9ef39bb50', 'Cynara scolymus', '/images/placeholder.jpg')
INSERT INTO identified_plant (score, gardener_id, name, description, best_match, date_uploaded, family_scientific_name_without_author, gbif_id, image_url, species_scientific_name_without_author, uploaded_image) VALUES (0.10437, 1, 'Arthurchoke', 'Artichoke but Arthur', 'Cynara scolymus L.', '23/08/2024', 'Asteraceae', '3112361', 'https://bs.plantnet.org/image/o/c4d0b675335e5750b947b6b15aba5af9ef39bb50', 'Cynara scolymus', '/images/placeholder.jpg')
INSERT INTO identified_plant (score, gardener_id, name, description, best_match, date_uploaded, family_scientific_name_without_author, gbif_id, image_url, species_scientific_name_without_author, uploaded_image) VALUES (0.10437, 1, 'Arthurchoke', 'Artichoke but Arthur', 'Cynara scolymus L.', '23/08/2024', 'Asteraceae', '3112361', 'https://bs.plantnet.org/image/o/c4d0b675335e5750b947b6b15aba5af9ef39bb50', 'Cynara scolymus', '/images/placeholder.jpg')
INSERT INTO identified_plant (score, gardener_id, name, description, best_match, date_uploaded, family_scientific_name_without_author, gbif_id, image_url, species_scientific_name_without_author, uploaded_image) VALUES (0.10437, 1, 'Arthurchoke', 'Artichoke but Arthur', 'Cynara scolymus L.', '23/08/2024', 'Asteraceae', '3112361', 'https://bs.plantnet.org/image/o/c4d0b675335e5750b947b6b15aba5af9ef39bb50', 'Cynara scolymus', '/images/placeholder.jpg')
INSERT INTO identified_plant (score, gardener_id, name, description, best_match, date_uploaded, family_scientific_name_without_author, gbif_id, image_url, species_scientific_name_without_author, uploaded_image) VALUES (0.10437, 1, 'Arthurchoke', 'Artichoke but Arthur', 'Cynara scolymus L.', '23/08/2024', 'Asteraceae', '3112361', 'https://bs.plantnet.org/image/o/c4d0b675335e5750b947b6b15aba5af9ef39bb50', 'Cynara scolymus', '/images/placeholder.jpg')
INSERT INTO identified_plant (score, gardener_id, name, description, best_match, date_uploaded, family_scientific_name_without_author, gbif_id, image_url, species_scientific_name_without_author, uploaded_image) VALUES (0.10437, 1, 'Arthurchoke', 'Artichoke but Arthur', 'Cynara scolymus L.', '23/08/2024', 'Asteraceae', '3112361', 'https://bs.plantnet.org/image/o/c4d0b675335e5750b947b6b15aba5af9ef39bb50', 'Cynara scolymus', '/images/placeholder.jpg')
INSERT INTO identified_plant (score, gardener_id, name, description, best_match, date_uploaded, family_scientific_name_without_author, gbif_id, image_url, species_scientific_name_without_author, uploaded_image) VALUES (0.10437, 1, 'Arthurchoke', 'Artichoke but Arthur', 'Cynara scolymus L.', '23/08/2024', 'Asteraceae', '3112361', 'https://bs.plantnet.org/image/o/c4d0b675335e5750b947b6b15aba5af9ef39bb50', 'Cynara scolymus', '/images/placeholder.jpg')
INSERT INTO identified_plant (score, gardener_id, name, description, best_match, date_uploaded, family_scientific_name_without_author, gbif_id, image_url, species_scientific_name_without_author, uploaded_image) VALUES (0.10437, 1, 'Arthurchoke', 'Artichoke but Arthur', 'Cynara scolymus L.', '23/08/2024', 'Asteraceae', '3112361', 'https://bs.plantnet.org/image/o/c4d0b675335e5750b947b6b15aba5af9ef39bb50', 'Cynara scolymus', '/images/placeholder.jpg')
INSERT INTO identified_plant (score, gardener_id, name, description, best_match, date_uploaded, family_scientific_name_without_author, gbif_id, image_url, species_scientific_name_without_author, uploaded_image) VALUES (0.10437, 1, 'Arthurchoke', 'Artichoke but Arthur', 'Cynara scolymus L.', '23/08/2024', 'Asteraceae', '3112361', 'https://bs.plantnet.org/image/o/c4d0b675335e5750b947b6b15aba5af9ef39bb50', 'Cynara scolymus', '/images/placeholder.jpg')

INSERT INTO identified_plant (score, gardener_id, name, description, best_match, date_uploaded, family_scientific_name_without_author, gbif_id, image_url, species_scientific_name_without_author, uploaded_image) VALUES (0.30437, 1, 'ThisIsLongestPlantNameThisIsLongestPlantNameThisIsLongestPlantNa', 'ThisIsLongestPlantDescriptionThisIsLongestPlantDescriptionThisIsLongestPlantDescriptionThisIsLongestPlantDescriptionThisIsLongestPlantDescriptionThisIsLongestPlantDescriptionThisIsLongestPlantDescriptionThisIsLongestPlantDescriptionThisIsLongestPlantDescriptionThisIsLongestPlantDescriptionThisIsLongestPlantDescriptionThisIsLongestPlantDescriptionThisIsLongestPlantDescriptionThisIsLongestPlantDescriptionThisIsLongestPlantDescriptionThisIsLongestPlantDescriptionThisIsLongestPlantDescriptionThisIsLongestPlantD', 'ThisIsLongestPlantSpecieNameThisIsLongestPlantSpecieNameThisIsLo', '23/08/2024', 'Asteraceae', '3112361', 'https://bs.plantnet.org/image/o/c4d0b675335e5750b947b6b15aba5af9ef39bb50', 'ThisIsLongestPlantSpecieNameThisIsLongestPlantSpecieNameThisIsLo', '/images/placeholder.jpg')
INSERT INTO identified_plant (score, gardener_id, name, description, best_match, date_uploaded, family_scientific_name_without_author, gbif_id, image_url, species_scientific_name_without_author, uploaded_image) VALUES (0.30437, 1, 'ThisIsBitShort', 'ThisIsBitShort', 'ThisIsBitShort', '23/08/2024', 'Asteraceae', '3112361', 'https://bs.plantnet.org/image/o/c4d0b675335e5750b947b6b15aba5af9ef39bb50', 'ThisIsLongestPlantSpecieNameThisIsLongestPlantSpecieNameThisIsLo', '/images/placeholder.jpg')
INSERT INTO identified_plant (score, gardener_id, name, description, best_match, date_uploaded, family_scientific_name_without_author, gbif_id, image_url, species_scientific_name_without_author, uploaded_image) VALUES (0.30437, 1, 'ThisIsBitShort', 'ThisIsLongestPlantDescriptionThisIsLongestPlantDescriptionThisIsLongestPlantDescriptionThisIsLongestPlantDescriptionThisIsLongestPlantDescriptionThisIsLongestPlantDescriptionThisIsLongestPlantDescriptionThisIsLongestPlantDescriptionThisIsLongestPlantDescriptionThisIsLongestPlantDescriptionThisIsLongestPlantDescriptionThisIsLongestPlantDescriptionThisIsLongestPlantDescriptionThisIsLongestPlantDescriptionThisIsLongestPlantDescriptionThisIsLongestPlantDescriptionThisIsLongestPlantDescriptionThisIsLongestPlantD', 'ThisIsBitShort', '23/08/2024', 'Asteraceae', '3112361', 'https://bs.plantnet.org/image/o/c4d0b675335e5750b947b6b15aba5af9ef39bb50', 'ThisIsLongestPlantSpecieNameThisIsLongestPlantSpecieNameThisIsLo', '/images/placeholder.jpg')
INSERT INTO identified_plant (score, gardener_id, name, description, best_match, date_uploaded, family_scientific_name_without_author, gbif_id, image_url, species_scientific_name_without_author, uploaded_image) VALUES (0.30437, 1, 'ThisIsBitShort', 'ThisIsLongestPlantDescriptionThisIsLongestPlantDescriptionThisIsLongestPlantDescriptionThisIsLongestPlantDescriptionThisIsLongestPlantDescriptionThisIsLongestPlantDescriptionThisIsLongestPlantDescriptionThisIsLongestPlantDescriptionThisIsLongestPlantDescriptionThisIsLongestPlantDescriptionThisIsLongestPlantDescriptionThisIsLongestPlantDescriptionThisIsLongestPlantDescriptionThisIsLongestPlantDescriptionThisIsLongestPlantDescriptionThisIsLongestPlantDescriptionThisIsLongestPlantDescriptionThisIsLongestPlantD', 'ThisIsLongestPlantSpecieNameThisIsLongestPlantSpecieNameThisIsLo', '23/08/2024', 'Asteraceae', '3112361', 'https://bs.plantnet.org/image/o/c4d0b675335e5750b947b6b15aba5af9ef39bb50', 'ThisIsLongestPlantSpecieNameThisIsLongestPlantSpecieNameThisIsLo', '/images/placeholder.jpg')
INSERT INTO identified_plant (score, gardener_id, name, description, best_match, date_uploaded, family_scientific_name_without_author, gbif_id, image_url, species_scientific_name_without_author, uploaded_image) VALUES (0.30437, 1, 'ThisIsBitShort', 'ThisIsLongestPlantDescriptionThisIsLongestPlantDescriptionThisIsLongestPlantDescriptionThisIsLongestPlantDescriptionThisIsLongestPlantDescriptionThisIsLongestPlantDescriptionThisIsLongestPlantDescriptionThisIsLongestPlantDescriptionThisIsLongestPlantDescriptionThisIsLongestPlantDescriptionThisIsLongestPlantDescriptionThisIsLongestPlantDescriptionThisIsLongestPlantDescriptionThisIsLongestPlantDescriptionThisIsLongestPlantDescriptionThisIsLongestPlantDescriptionThisIsLongestPlantDescriptionThisIsLongestPlantD', 'ThisIsBitShort', '23/08/2024', 'Asteraceae', '3112361', 'https://bs.plantnet.org/image/o/c4d0b675335e5750b947b6b15aba5af9ef39bb50', 'ThisIsBitShort', '/images/placeholder.jpg')
INSERT INTO identified_plant (score, gardener_id, name, description, best_match, date_uploaded, family_scientific_name_without_author, gbif_id, image_url, species_scientific_name_without_author, uploaded_image) VALUES (0.30437, 1, 'ThisIsLongestPlantNameThisIsLongestPlantNameThisIsLongestPlantNa', 'ThisIsBitShort', 'ThisIsLongestPlantSpecieNameThisIsLongestPlantSpecieNameThisIsLo', '23/08/2024', 'Asteraceae', '3112361', 'https://bs.plantnet.org/image/o/c4d0b675335e5750b947b6b15aba5af9ef39bb50', 'ThisIsLongestPlantSpecieNameThisIsLongestPlantSpecieNameThisIsLo', '/images/placeholder.jpg')
INSERT INTO identified_plant (score, gardener_id, name, description, best_match, date_uploaded, family_scientific_name_without_author, gbif_id, image_url, species_scientific_name_without_author, uploaded_image) VALUES (0.30437, 1, 'ThisIsLongestPlantNameThisIsLongestPlantNameThisIsLongestPlantNa', 'ThisIsLongestPlantDescriptionThisIsLongestPlantDescriptionThisIsLongestPlantDescriptionThisIsLongestPlantDescriptionThisIsLongestPlantDescriptionThisIsLongestPlantDescriptionThisIsLongestPlantDescriptionThisIsLongestPlantDescriptionThisIsLongestPlantDescriptionThisIsLongestPlantDescriptionThisIsLongestPlantDescriptionThisIsLongestPlantDescriptionThisIsLongestPlantDescriptionThisIsLongestPlantDescriptionThisIsLongestPlantDescriptionThisIsLongestPlantDescriptionThisIsLongestPlantDescriptionThisIsLongestPlantD', 'ThisIsLongestPlantSpecieNameThisIsLongestPlantSpecieNameThisIsLo', '23/08/2024', 'Asteraceae', '3112361', 'https://bs.plantnet.org/image/o/c4d0b675335e5750b947b6b15aba5af9ef39bb50', 'ThisIsLongestPlantSpecieNameThisIsLongestPlantSpecieNameThisIsLo', '/images/placeholder.jpg')
INSERT INTO identified_plant (score, gardener_id, name, description, best_match, date_uploaded, family_scientific_name_without_author, gbif_id, image_url, species_scientific_name_without_author, uploaded_image) VALUES (0.30437, 1, 'ThisIsLongestPlantNameThisIsLongestPlantNameThisIsLongestPlantNa', 'ThisIsLongestPlantDescriptionThisIsLongestPlantDescriptionThisIsLongestPlantDescriptionThisIsLongestPlantDescriptionThisIsLongestPlantDescriptionThisIsLongestPlantDescriptionThisIsLongestPlantDescriptionThisIsLongestPlantDescriptionThisIsLongestPlantDescriptionThisIsLongestPlantDescriptionThisIsLongestPlantDescriptionThisIsLongestPlantDescriptionThisIsLongestPlantDescriptionThisIsLongestPlantDescriptionThisIsLongestPlantDescriptionThisIsLongestPlantDescriptionThisIsLongestPlantDescriptionThisIsLongestPlantD', 'ThisIsLongestPlantSpecieNameThisIsLongestPlantSpecieNameThisIsLo', '23/08/2024', 'Asteraceae', '3112361', 'https://bs.plantnet.org/image/o/c4d0b675335e5750b947b6b15aba5af9ef39bb50', 'ThisIsLongestPlantSpecieNameThisIsLongestPlantSpecieNameThisIsLo', '/images/placeholder.jpg')
INSERT INTO identified_plant (score, gardener_id, name, description, best_match, date_uploaded, family_scientific_name_without_author, gbif_id, image_url, species_scientific_name_without_author, uploaded_image) VALUES (0.30437, 1, 'ThisIsLongestPlantNameThisIsLongestPlantNameThisIsLongestPlantNa', 'ThisIsBitShort', 'ThisIsLongestPlantSpecieNameThisIsLongestPlantSpecieNameThisIsLo', '23/08/2024', 'Asteraceae', '3112361', 'https://bs.plantnet.org/image/o/c4d0b675335e5750b947b6b15aba5af9ef39bb50', 'ThisIsLongestPlantSpecieNameThisIsLongestPlantSpecieNameThisIsLo', '/images/placeholder.jpg')
INSERT INTO identified_plant (score, gardener_id, name, description, best_match, date_uploaded, family_scientific_name_without_author, gbif_id, image_url, species_scientific_name_without_author, uploaded_image) VALUES (0.30437, 1, 'ThisIsBitShort', 'ThisIsBitShort', 'ThisIsBitShort', '23/08/2024', 'Asteraceae', '3112361', 'https://bs.plantnet.org/image/o/c4d0b675335e5750b947b6b15aba5af9ef39bb50', 'ThisIsLongestPlantSpecieNameThisIsLongestPlantSpecieNameThisIsLo', '/images/placeholder.jpg')
INSERT INTO identified_plant (score, gardener_id, name, description, best_match, date_uploaded, family_scientific_name_without_author, gbif_id, image_url, species_scientific_name_without_author, uploaded_image) VALUES (0.30437, 1, 'ThisIsLongestPlantNameThisIsLongestPlantNameThisIsLongestPlantNa', 'ThisIsLongestPlantDescriptionThisIsLongestPlantDescriptionThisIsLongestPlantDescriptionThisIsLongestPlantDescriptionThisIsLongestPlantDescriptionThisIsLongestPlantDescriptionThisIsLongestPlantDescriptionThisIsLongestPlantDescriptionThisIsLongestPlantDescriptionThisIsLongestPlantDescriptionThisIsLongestPlantDescriptionThisIsLongestPlantDescriptionThisIsLongestPlantDescriptionThisIsLongestPlantDescriptionThisIsLongestPlantDescriptionThisIsLongestPlantDescriptionThisIsLongestPlantDescriptionThisIsLongestPlantD', 'ThisIsLongestPlantSpecieNameThisIsLongestPlantSpecieNameThisIsLo', '23/08/2024', 'Asteraceae', '3112361', 'https://bs.plantnet.org/image/o/c4d0b675335e5750b947b6b15aba5af9ef39bb50', 'ThisIsLongestPlantSpecieNameThisIsLongestPlantSpecieNameThisIsLo', '/images/placeholder.jpg')
INSERT INTO identified_plant (score, gardener_id, name, description, best_match, date_uploaded, family_scientific_name_without_author, gbif_id, image_url, species_scientific_name_without_author, uploaded_image) VALUES (0.30437, 1, 'ThisIsBitShort', 'ThisIsLongestPlantDescriptionThisIsLongestPlantDescriptionThisIsLongestPlantDescriptionThisIsLongestPlantDescriptionThisIsLongestPlantDescriptionThisIsLongestPlantDescriptionThisIsLongestPlantDescriptionThisIsLongestPlantDescriptionThisIsLongestPlantDescriptionThisIsLongestPlantDescriptionThisIsLongestPlantDescriptionThisIsLongestPlantDescriptionThisIsLongestPlantDescriptionThisIsLongestPlantDescriptionThisIsLongestPlantDescriptionThisIsLongestPlantDescriptionThisIsLongestPlantDescriptionThisIsLongestPlantD', 'ThisIsLongestPlantSpecieNameThisIsLongestPlantSpecieNameThisIsLo', '23/08/2024', 'Asteraceae', '3112361', 'https://bs.plantnet.org/image/o/c4d0b675335e5750b947b6b15aba5af9ef39bb50', 'ThisIsLongestPlantSpecieNameThisIsLongestPlantSpecieNameThisIsLo', '/images/placeholder.jpg')
INSERT INTO identified_plant (score, gardener_id, name, description, best_match, date_uploaded, family_scientific_name_without_author, gbif_id, image_url, species_scientific_name_without_author, uploaded_image) VALUES (0.30437, 1, 'ThisIsLongestPlantNameThisIsLongestPlantNameThisIsLongestPlantNa', 'ThisIsBitShort', 'ThisIsLongestPlantSpecieNameThisIsLongestPlantSpecieNameThisIsLo', '23/08/2024', 'Asteraceae', '3112361', 'https://bs.plantnet.org/image/o/c4d0b675335e5750b947b6b15aba5af9ef39bb50', 'ThisIsLongestPlantSpecieNameThisIsLongestPlantSpecieNameThisIsLo', '/images/placeholder.jpg')
INSERT INTO identified_plant (score, gardener_id, name, description, best_match, date_uploaded, family_scientific_name_without_author, gbif_id, image_url, species_scientific_name_without_author, uploaded_image) VALUES (0.30437, 1, 'ThisIsBitShort', 'ThisIsLongestPlantDescriptionThisIsLongestPlantDescriptionThisIsLongestPlantDescriptionThisIsLongestPlantDescriptionThisIsLongestPlantDescriptionThisIsLongestPlantDescriptionThisIsLongestPlantDescriptionThisIsLongestPlantDescriptionThisIsLongestPlantDescriptionThisIsLongestPlantDescriptionThisIsLongestPlantDescriptionThisIsLongestPlantDescriptionThisIsLongestPlantDescriptionThisIsLongestPlantDescriptionThisIsLongestPlantDescriptionThisIsLongestPlantDescriptionThisIsLongestPlantDescriptionThisIsLongestPlantD', 'ThisIsLongestPlantSpecieNameThisIsLongestPlantSpecieNameThisIsLo', '23/08/2024', 'Asteraceae', '3112361', 'https://bs.plantnet.org/image/o/c4d0b675335e5750b947b6b15aba5af9ef39bb50', 'ThisIsLongestPlantSpecieNameThisIsLongestPlantSpecieNameThisIsLo', '/images/placeholder.jpg')
INSERT INTO identified_plant (score, gardener_id, name, description, best_match, date_uploaded, family_scientific_name_without_author, gbif_id, image_url, species_scientific_name_without_author, uploaded_image) VALUES (0.30437, 1, 'ThisIsLongestPlantNameThisIsLongestPlantNameThisIsLongestPlantNa', 'ThisIsLongestPlantDescriptionThisIsLongestPlantDescriptionThisIsLongestPlantDescriptionThisIsLongestPlantDescriptionThisIsLongestPlantDescriptionThisIsLongestPlantDescriptionThisIsLongestPlantDescriptionThisIsLongestPlantDescriptionThisIsLongestPlantDescriptionThisIsLongestPlantDescriptionThisIsLongestPlantDescriptionThisIsLongestPlantDescriptionThisIsLongestPlantDescriptionThisIsLongestPlantDescriptionThisIsLongestPlantDescriptionThisIsLongestPlantDescriptionThisIsLongestPlantDescriptionThisIsLongestPlantD', 'ThisIsLongestPlantSpecieNameThisIsLongestPlantSpecieNameThisIsLo', '23/08/2024', 'Asteraceae', '3112361', 'https://bs.plantnet.org/image/o/c4d0b675335e5750b947b6b15aba5af9ef39bb50', 'ThisIsLongestPlantSpecieNameThisIsLongestPlantSpecieNameThisIsLo', '/images/placeholder.jpg')
INSERT INTO identified_plant (score, gardener_id, name, description, best_match, date_uploaded, family_scientific_name_without_author, gbif_id, image_url, species_scientific_name_without_author, uploaded_image) VALUES (0.30437, 1, 'ThisIsBitShort', 'ThisIsLongestPlantDescriptionThisIsLongestPlantDescriptionThisIsLongestPlantDescriptionThisIsLongestPlantDescriptionThisIsLongestPlantDescriptionThisIsLongestPlantDescriptionThisIsLongestPlantDescriptionThisIsLongestPlantDescriptionThisIsLongestPlantDescriptionThisIsLongestPlantDescriptionThisIsLongestPlantDescriptionThisIsLongestPlantDescriptionThisIsLongestPlantDescriptionThisIsLongestPlantDescriptionThisIsLongestPlantDescriptionThisIsLongestPlantDescriptionThisIsLongestPlantDescriptionThisIsLongestPlantD', 'ThisIsBitShort', '23/08/2024', 'Asteraceae', '3112361', 'https://bs.plantnet.org/image/o/c4d0b675335e5750b947b6b15aba5af9ef39bb50', 'ThisIsLongestPlantSpecieNameThisIsLongestPlantSpecieNameThisIsLo', '/images/placeholder.jpg')
INSERT INTO identified_plant (score, gardener_id, name, description, best_match, date_uploaded, family_scientific_name_without_author, gbif_id, image_url, species_scientific_name_without_author, uploaded_image) VALUES (0.30437, 1, 'ThisIsLongestPlantNameThisIsLongestPlantNameThisIsLongestPlantNa', 'ThisIsBitShort', 'ThisIsLongestPlantSpecieNameThisIsLongestPlantSpecieNameThisIsLo', '23/08/2024', 'Asteraceae', '3112361', 'https://bs.plantnet.org/image/o/c4d0b675335e5750b947b6b15aba5af9ef39bb50', 'ThisIsLongestPlantSpecieNameThisIsLongestPlantSpecieNameThisIsLo', '/images/placeholder.jpg')
INSERT INTO identified_plant (score, gardener_id, name, description, best_match, date_uploaded, family_scientific_name_without_author, gbif_id, image_url, species_scientific_name_without_author, uploaded_image) VALUES (0.30437, 1, 'ThisIsBitShort', 'ThisIsBitShort', 'ThisIsBitShort', '23/08/2024', 'Asteraceae', '3112361', 'https://bs.plantnet.org/image/o/c4d0b675335e5750b947b6b15aba5af9ef39bb50', 'ThisIsLongestPlantSpecieNameThisIsLongestPlantSpecieNameThisIsLo', '/images/placeholder.jpg')
INSERT INTO identified_plant (score, gardener_id, name, description, best_match, date_uploaded, family_scientific_name_without_author, gbif_id, image_url, species_scientific_name_without_author, uploaded_image) VALUES (0.30437, 1, 'ThisIsLongestPlantNameThisIsLongestPlantNameThisIsLongestPlantNa', 'ThisIsLongestPlantDescriptionThisIsLongestPlantDescriptionThisIsLongestPlantDescriptionThisIsLongestPlantDescriptionThisIsLongestPlantDescriptionThisIsLongestPlantDescriptionThisIsLongestPlantDescriptionThisIsLongestPlantDescriptionThisIsLongestPlantDescriptionThisIsLongestPlantDescriptionThisIsLongestPlantDescriptionThisIsLongestPlantDescriptionThisIsLongestPlantDescriptionThisIsLongestPlantDescriptionThisIsLongestPlantDescriptionThisIsLongestPlantDescriptionThisIsLongestPlantDescriptionThisIsLongestPlantD', 'ThisIsLongestPlantSpecieNameThisIsLongestPlantSpecieNameThisIsLo', '23/08/2024', 'Asteraceae', '3112361', 'https://bs.plantnet.org/image/o/c4d0b675335e5750b947b6b15aba5af9ef39bb50', 'ThisIsLongestPlantSpecieNameThisIsLongestPlantSpecieNameThisIsLo', '/images/placeholder.jpg')
INSERT INTO identified_plant (score, gardener_id, name, description, best_match, date_uploaded, family_scientific_name_without_author, gbif_id, image_url, species_scientific_name_without_author, uploaded_image) VALUES (0.30437, 1, 'ThisIsBitShort', 'ThisIsLongestPlantDescriptionThisIsLongestPlantDescriptionThisIsLongestPlantDescriptionThisIsLongestPlantDescriptionThisIsLongestPlantDescriptionThisIsLongestPlantDescriptionThisIsLongestPlantDescriptionThisIsLongestPlantDescriptionThisIsLongestPlantDescriptionThisIsLongestPlantDescriptionThisIsLongestPlantDescriptionThisIsLongestPlantDescriptionThisIsLongestPlantDescriptionThisIsLongestPlantDescriptionThisIsLongestPlantDescriptionThisIsLongestPlantDescriptionThisIsLongestPlantDescriptionThisIsLongestPlantD', 'ThisIsLongestPlantSpecieNameThisIsLongestPlantSpecieNameThisIsLo', '23/08/2024', 'Asteraceae', '3112361', 'https://bs.plantnet.org/image/o/c4d0b675335e5750b947b6b15aba5af9ef39bb50', 'ThisIsLongestPlantSpecieNameThisIsLongestPlantSpecieNameThisIsLo', '/images/placeholder.jpg')
INSERT INTO identified_plant (score, gardener_id, name, description, best_match, date_uploaded, family_scientific_name_without_author, gbif_id, image_url, species_scientific_name_without_author, uploaded_image) VALUES (0.30437, 1, 'ThisIsLongestPlantNameThisIsLongestPlantNameThisIsLongestPlantNa', 'ThisIsBitShort', 'ThisIsLongestPlantSpecieNameThisIsLongestPlantSpecieNameThisIsLo', '23/08/2024', 'Asteraceae', '3112361', 'https://bs.plantnet.org/image/o/c4d0b675335e5750b947b6b15aba5af9ef39bb50', 'ThisIsLongestPlantSpecieNameThisIsLongestPlantSpecieNameThisIsLo', '/images/placeholder.jpg')
INSERT INTO identified_plant (score, gardener_id, name, description, best_match, date_uploaded, family_scientific_name_without_author, gbif_id, image_url, species_scientific_name_without_author, uploaded_image) VALUES (0.30437, 1, 'ThisIsLongestPlantNameThisIsLongestPlantNameThisIsLongestPlantNa', 'ThisIsLongestPlantDescriptionThisIsLongestPlantDescriptionThisIsLongestPlantDescriptionThisIsLongestPlantDescriptionThisIsLongestPlantDescriptionThisIsLongestPlantDescriptionThisIsLongestPlantDescriptionThisIsLongestPlantDescriptionThisIsLongestPlantDescriptionThisIsLongestPlantDescriptionThisIsLongestPlantDescriptionThisIsLongestPlantDescriptionThisIsLongestPlantDescriptionThisIsLongestPlantDescriptionThisIsLongestPlantDescriptionThisIsLongestPlantDescriptionThisIsLongestPlantDescriptionThisIsLongestPlantD', 'ThisIsLongestPlantSpecieNameThisIsLongestPlantSpecieNameThisIsLo', '23/08/2024', 'Asteraceae', '3112361', 'https://bs.plantnet.org/image/o/c4d0b675335e5750b947b6b15aba5af9ef39bb50', 'ThisIsLongestPlantSpecieNameThisIsLongestPlantSpecieNameThisIsLo', '/images/placeholder.jpg')
INSERT INTO identified_plant (score, gardener_id, name, description, best_match, date_uploaded, family_scientific_name_without_author, gbif_id, image_url, species_scientific_name_without_author, uploaded_image) VALUES (0.30437, 1, 'ThisIsBitShort', 'ThisIsLongestPlantDescriptionThisIsLongestPlantDescriptionThisIsLongestPlantDescriptionThisIsLongestPlantDescriptionThisIsLongestPlantDescriptionThisIsLongestPlantDescriptionThisIsLongestPlantDescriptionThisIsLongestPlantDescriptionThisIsLongestPlantDescriptionThisIsLongestPlantDescriptionThisIsLongestPlantDescriptionThisIsLongestPlantDescriptionThisIsLongestPlantDescriptionThisIsLongestPlantDescriptionThisIsLongestPlantDescriptionThisIsLongestPlantDescriptionThisIsLongestPlantDescriptionThisIsLongestPlantD', 'ThisIsLongestPlantSpecieNameThisIsLongestPlantSpecieNameThisIsLo', '23/08/2024', 'Asteraceae', '3112361', 'https://bs.plantnet.org/image/o/c4d0b675335e5750b947b6b15aba5af9ef39bb50', 'ThisIsLongestPlantSpecieNameThisIsLongestPlantSpecieNameThisIsLo', '/images/placeholder.jpg')
INSERT INTO identified_plant (score, gardener_id, name, description, best_match, date_uploaded, family_scientific_name_without_author, gbif_id, image_url, species_scientific_name_without_author, uploaded_image) VALUES (0.30437, 1, 'ThisIsBitShort', 'ThisIsLongestPlantDescriptionThisIsLongestPlantDescriptionThisIsLongestPlantDescriptionThisIsLongestPlantDescriptionThisIsLongestPlantDescriptionThisIsLongestPlantDescriptionThisIsLongestPlantDescriptionThisIsLongestPlantDescriptionThisIsLongestPlantDescriptionThisIsLongestPlantDescriptionThisIsLongestPlantDescriptionThisIsLongestPlantDescriptionThisIsLongestPlantDescriptionThisIsLongestPlantDescriptionThisIsLongestPlantDescriptionThisIsLongestPlantDescriptionThisIsLongestPlantDescriptionThisIsLongestPlantD', 'ThisIsBitShort', '23/08/2024', 'Asteraceae', '3112361', 'https://bs.plantnet.org/image/o/c4d0b675335e5750b947b6b15aba5af9ef39bb50', 'ThisIsBitShort', '/images/placeholder.jpg')
INSERT INTO identified_plant (score, gardener_id, name, description, best_match, date_uploaded, family_scientific_name_without_author, gbif_id, image_url, species_scientific_name_without_author, uploaded_image) VALUES (0.30437, 1, 'ThisIsLongestPlantNameThisIsLongestPlantNameThisIsLongestPlantNa', 'ThisIsLongestPlantDescriptionThisIsLongestPlantDescriptionThisIsLongestPlantDescriptionThisIsLongestPlantDescriptionThisIsLongestPlantDescriptionThisIsLongestPlantDescriptionThisIsLongestPlantDescriptionThisIsLongestPlantDescriptionThisIsLongestPlantDescriptionThisIsLongestPlantDescriptionThisIsLongestPlantDescriptionThisIsLongestPlantDescriptionThisIsLongestPlantDescriptionThisIsLongestPlantDescriptionThisIsLongestPlantDescriptionThisIsLongestPlantDescriptionThisIsLongestPlantDescriptionThisIsLongestPlantD', 'ThisIsLongestPlantSpecieNameThisIsLongestPlantSpecieNameThisIsLo', '23/08/2024', 'Asteraceae', '3112361', 'https://bs.plantnet.org/image/o/c4d0b675335e5750b947b6b15aba5af9ef39bb50', 'ThisIsLongestPlantSpecieNameThisIsLongestPlantSpecieNameThisIsLo', '/images/placeholder.jpg')
INSERT INTO identified_plant (score, gardener_id, name, description, best_match, date_uploaded, family_scientific_name_without_author, gbif_id, image_url, species_scientific_name_without_author, uploaded_image) VALUES (0.30437, 1, 'ThisIsBitShort', 'ThisIsLongestPlantDescriptionThisIsLongestPlantDescriptionThisIsLongestPlantDescriptionThisIsLongestPlantDescriptionThisIsLongestPlantDescriptionThisIsLongestPlantDescriptionThisIsLongestPlantDescriptionThisIsLongestPlantDescriptionThisIsLongestPlantDescriptionThisIsLongestPlantDescriptionThisIsLongestPlantDescriptionThisIsLongestPlantDescriptionThisIsLongestPlantDescriptionThisIsLongestPlantDescriptionThisIsLongestPlantDescriptionThisIsLongestPlantDescriptionThisIsLongestPlantDescriptionThisIsLongestPlantD', 'ThisIsLongestPlantSpecieNameThisIsLongestPlantSpecieNameThisIsLo', '23/08/2024', 'Asteraceae', '3112361', 'https://bs.plantnet.org/image/o/c4d0b675335e5750b947b6b15aba5af9ef39bb50', 'ThisIsLongestPlantSpecieNameThisIsLongestPlantSpecieNameThisIsLo', '/images/placeholder.jpg')
INSERT INTO identified_plant (score, gardener_id, name, description, best_match, date_uploaded, family_scientific_name_without_author, gbif_id, image_url, species_scientific_name_without_author, uploaded_image) VALUES (0.30437, 1, 'ThisIsLongestPlantNameThisIsLongestPlantNameThisIsLongestPlantNa', 'ThisIsBitShort', 'ThisIsLongestPlantSpecieNameThisIsLongestPlantSpecieNameThisIsLo', '23/08/2024', 'Asteraceae', '3112361', 'https://bs.plantnet.org/image/o/c4d0b675335e5750b947b6b15aba5af9ef39bb50', 'ThisIsLongestPlantSpecieNameThisIsLongestPlantSpecieNameThisIsLo', '/images/placeholder.jpg')
INSERT INTO identified_plant (score, gardener_id, name, description, best_match, date_uploaded, family_scientific_name_without_author, gbif_id, image_url, species_scientific_name_without_author, uploaded_image) VALUES (0.30437, 1, 'ThisIsLongestPlantNameThisIsLongestPlantNameThisIsLongestPlantNa', 'ThisIsLongestPlantDescriptionThisIsLongestPlantDescriptionThisIsLongestPlantDescriptionThisIsLongestPlantDescriptionThisIsLongestPlantDescriptionThisIsLongestPlantDescriptionThisIsLongestPlantDescriptionThisIsLongestPlantDescriptionThisIsLongestPlantDescriptionThisIsLongestPlantDescriptionThisIsLongestPlantDescriptionThisIsLongestPlantDescriptionThisIsLongestPlantDescriptionThisIsLongestPlantDescriptionThisIsLongestPlantDescriptionThisIsLongestPlantDescriptionThisIsLongestPlantDescriptionThisIsLongestPlantD', 'ThisIsLongestPlantSpecieNameThisIsLongestPlantSpecieNameThisIsLo', '23/08/2024', 'Asteraceae', '3112361', 'https://bs.plantnet.org/image/o/c4d0b675335e5750b947b6b15aba5af9ef39bb50', 'ThisIsLongestPlantSpecieNameThisIsLongestPlantSpecieNameThisIsLo', '/images/placeholder.jpg')
INSERT INTO identified_plant (score, gardener_id, name, description, best_match, date_uploaded, family_scientific_name_without_author, gbif_id, image_url, species_scientific_name_without_author, uploaded_image) VALUES (0.30437, 1, 'ThisIsLongestPlantNameThisIsLongestPlantNameThisIsLongestPlantNa', 'ThisIsBitShort', 'ThisIsLongestPlantSpecieNameThisIsLongestPlantSpecieNameThisIsLo', '23/08/2024', 'Asteraceae', '3112361', 'https://bs.plantnet.org/image/o/c4d0b675335e5750b947b6b15aba5af9ef39bb50', 'ThisIsLongestPlantSpecieNameThisIsLongestPlantSpecieNameThisIsLo', '/images/placeholder.jpg')
INSERT INTO identified_plant (score, gardener_id, name, description, best_match, date_uploaded, family_scientific_name_without_author, gbif_id, image_url, species_scientific_name_without_author, uploaded_image) VALUES (0.30437, 1, 'ThisIsBitShort', 'ThisIsBitShort', 'ThisIsBitShort', '23/08/2024', 'Asteraceae', '3112361', 'https://bs.plantnet.org/image/o/c4d0b675335e5750b947b6b15aba5af9ef39bb50', 'ThisIsLongestPlantSpecieNameThisIsLongestPlantSpecieNameThisIsLo', '/images/placeholder.jpg')
INSERT INTO identified_plant (score, gardener_id, name, description, best_match, date_uploaded, family_scientific_name_without_author, gbif_id, image_url, species_scientific_name_without_author, uploaded_image) VALUES (0.30437, 1, 'ThisIsBitShort', 'ThisIsLongestPlantDescriptionThisIsLongestPlantDescriptionThisIsLongestPlantDescriptionThisIsLongestPlantDescriptionThisIsLongestPlantDescriptionThisIsLongestPlantDescriptionThisIsLongestPlantDescriptionThisIsLongestPlantDescriptionThisIsLongestPlantDescriptionThisIsLongestPlantDescriptionThisIsLongestPlantDescriptionThisIsLongestPlantDescriptionThisIsLongestPlantDescriptionThisIsLongestPlantDescriptionThisIsLongestPlantDescriptionThisIsLongestPlantDescriptionThisIsLongestPlantDescriptionThisIsLongestPlantD', 'ThisIsLongestPlantSpecieNameThisIsLongestPlantSpecieNameThisIsLo', '23/08/2024', 'Asteraceae', '3112361', 'https://bs.plantnet.org/image/o/c4d0b675335e5750b947b6b15aba5af9ef39bb50', 'ThisIsLongestPlantSpecieNameThisIsLongestPlantSpecieNameThisIsLo', '/images/placeholder.jpg')
INSERT INTO identified_plant (score, gardener_id, name, description, best_match, date_uploaded, family_scientific_name_without_author, gbif_id, image_url, species_scientific_name_without_author, uploaded_image) VALUES (0.30437, 1, 'ThisIsLongestPlantNameThisIsLongestPlantNameThisIsLongestPlantNa', 'ThisIsLongestPlantDescriptionThisIsLongestPlantDescriptionThisIsLongestPlantDescriptionThisIsLongestPlantDescriptionThisIsLongestPlantDescriptionThisIsLongestPlantDescriptionThisIsLongestPlantDescriptionThisIsLongestPlantDescriptionThisIsLongestPlantDescriptionThisIsLongestPlantDescriptionThisIsLongestPlantDescriptionThisIsLongestPlantDescriptionThisIsLongestPlantDescriptionThisIsLongestPlantDescriptionThisIsLongestPlantDescriptionThisIsLongestPlantDescriptionThisIsLongestPlantDescriptionThisIsLongestPlantD', 'ThisIsLongestPlantSpecieNameThisIsLongestPlantSpecieNameThisIsLo', '23/08/2024', 'Asteraceae', '3112361', 'https://bs.plantnet.org/image/o/c4d0b675335e5750b947b6b15aba5af9ef39bb50', 'ThisIsLongestPlantSpecieNameThisIsLongestPlantSpecieNameThisIsLo', '/images/placeholder.jpg')
INSERT INTO identified_plant (score, gardener_id, name, description, best_match, date_uploaded, family_scientific_name_without_author, gbif_id, image_url, species_scientific_name_without_author, uploaded_image) VALUES (0.30437, 1, 'ThisIsLongestPlantNameThisIsLongestPlantNameThisIsLongestPlantNa', 'ThisIsBitShort', 'ThisIsLongestPlantSpecieNameThisIsLongestPlantSpecieNameThisIsLo', '23/08/2024', 'Asteraceae', '3112361', 'https://bs.plantnet.org/image/o/c4d0b675335e5750b947b6b15aba5af9ef39bb50', 'ThisIsLongestPlantSpecieNameThisIsLongestPlantSpecieNameThisIsLo', '/images/placeholder.jpg')
INSERT INTO identified_plant (score, gardener_id, name, description, best_match, date_uploaded, family_scientific_name_without_author, gbif_id, image_url, species_scientific_name_without_author, uploaded_image) VALUES (0.30437, 1, 'ThisIsBitShort', 'ThisIsLongestPlantDescriptionThisIsLongestPlantDescriptionThisIsLongestPlantDescriptionThisIsLongestPlantDescriptionThisIsLongestPlantDescriptionThisIsLongestPlantDescriptionThisIsLongestPlantDescriptionThisIsLongestPlantDescriptionThisIsLongestPlantDescriptionThisIsLongestPlantDescriptionThisIsLongestPlantDescriptionThisIsLongestPlantDescriptionThisIsLongestPlantDescriptionThisIsLongestPlantDescriptionThisIsLongestPlantDescriptionThisIsLongestPlantDescriptionThisIsLongestPlantDescriptionThisIsLongestPlantD', 'ThisIsBitShort', '23/08/2024', 'Asteraceae', '3112361', 'https://bs.plantnet.org/image/o/c4d0b675335e5750b947b6b15aba5af9ef39bb50', 'ThisIsLongestPlantSpecieNameThisIsLongestPlantSpecieNameThisIsLo', '/images/placeholder.jpg')



INSERT INTO FOLLOWER(garden_id, gardener_id, gardener_name) VALUES (1,3, 'Black Widow');
INSERT INTO FOLLOWER(garden_id, gardener_id) VALUES (1,4, 'LongestFirstNameLongestFirstNameLongestFirstNameLongestFirstName LongestLastNameLongestLastNameLongestLastNameLongestLastNameLong');
INSERT INTO FOLLOWER(garden_id, gardener_id) VALUES (6,3, 'Black Widow');
INSERT INTO FOLLOWER(garden_id, gardener_id) VALUES (6,4, 'LongestFirstNameLongestFirstNameLongestFirstNameLongestFirstName LongestLastNameLongestLastNameLongestLastNameLongestLastNameLong');
INSERT INTO FOLLOWER(garden_id, gardener_id) VALUES (6,5, 'Thor');
INSERT INTO FOLLOWER(garden_id, gardener_id) VALUES (8,1, 'Iron Man');
INSERT INTO FOLLOWER(garden_id, gardener_id) VALUES (15,1, 'Iron Man');

-- email: a@gmail.com
-- password: Password1!
